{
"type": "FeatureCollection",
"name": "roads",
"crs": { "type": "name", "properties": { "name": "urn:ogc:def:crs:OGC:1.3:CRS84" } },
"features": [
{ "type": "Feature", "properties": { "highway": "primary" }, "geometry": { "type": "LineString", "coordinates": [ [ 81.254679, 18.628317 ], [ 81.2535976, 18.6292324 ], [ 81.2532714, 18.6301848 ], [ 81.2530491, 18.6305102 ], [ 81.2529818, 18.6306921 ], [ 81.252975, 18.630858 ], [ 81.2529582, 18.6310559 ], [ 81.2529481, 18.631225 ], [ 81.2529616, 18.6314483 ], [ 81.2530895, 18.6320513 ], [ 81.2532747, 18.6327852 ], [ 81.2537091, 18.633586 ], [ 81.2537933, 18.6337998 ], [ 81.2538269, 18.6340232 ], [ 81.2538404, 18.6342305 ], [ 81.2537562, 18.6348878 ], [ 81.2537723, 18.6350152 ], [ 81.2538505, 18.6356344 ], [ 81.253901, 18.6363236 ], [ 81.253837, 18.6364703 ], [ 81.2537427, 18.6366809 ], [ 81.2537057, 18.6368054 ], [ 81.2536653, 18.6369553 ], [ 81.253672, 18.6370766 ], [ 81.2537293, 18.6372457 ], [ 81.2538067, 18.6373127 ], [ 81.2539616, 18.6373605 ], [ 81.25413, 18.637469 ], [ 81.2549583, 18.6379603 ], [ 81.2553522, 18.6381901 ], [ 81.2554836, 18.638289 ], [ 81.2556115, 18.6385761 ], [ 81.2556384, 18.638742 ], [ 81.255524, 18.6389271 ], [ 81.2554229, 18.6391026 ], [ 81.2549145, 18.6397821 ], [ 81.2548068, 18.6399098 ], [ 81.2545256, 18.6400597 ], [ 81.2541333, 18.6401985 ], [ 81.2539246, 18.6402304 ], [ 81.2535508, 18.6402735 ], [ 81.253071, 18.6403865 ], [ 81.2527377, 18.6405264 ], [ 81.2524329, 18.6406482 ], [ 81.2522424, 18.6407385 ], [ 81.2520662, 18.6408423 ], [ 81.25199, 18.6409009 ], [ 81.2518996, 18.6410273 ], [ 81.2518519, 18.6411491 ], [ 81.2518996, 18.6413296 ], [ 81.2520139, 18.6415913 ], [ 81.2523853, 18.642426 ], [ 81.2526091, 18.6426741 ], [ 81.2530486, 18.6430642 ], [ 81.2537338, 18.643589 ], [ 81.2539544, 18.6436337 ], [ 81.2541193, 18.6436464 ], [ 81.2542473, 18.6436847 ], [ 81.2546615, 18.6438044 ], [ 81.2549729, 18.64394 ], [ 81.255052, 18.6440867 ], [ 81.2550621, 18.6441537 ], [ 81.2549544, 18.6448588 ], [ 81.2549051, 18.6454732 ], [ 81.2549384, 18.6458476 ], [ 81.2549908, 18.6459965 ], [ 81.2551194, 18.6462673 ], [ 81.255167, 18.6464477 ], [ 81.2549527, 18.6466463 ], [ 81.254467, 18.6470253 ], [ 81.254267, 18.6472238 ], [ 81.2540575, 18.6474764 ], [ 81.2538765, 18.6476569 ], [ 81.2534313, 18.6481398 ], [ 81.2533503, 18.6482481 ], [ 81.253317, 18.6484286 ], [ 81.2533265, 18.6486136 ], [ 81.253348, 18.6487647 ], [ 81.2533551, 18.6490219 ], [ 81.253298, 18.6491708 ], [ 81.2532337, 18.6492475 ], [ 81.2531313, 18.6493174 ], [ 81.2530361, 18.6493377 ], [ 81.2528408, 18.6493625 ], [ 81.2525408, 18.6494009 ], [ 81.2524361, 18.6494347 ], [ 81.2522432, 18.649525 ], [ 81.2521242, 18.6496558 ], [ 81.2518051, 18.6499536 ], [ 81.2516528, 18.6500122 ], [ 81.2514551, 18.6501138 ], [ 81.2513361, 18.6502063 ], [ 81.2512575, 18.6503687 ], [ 81.2511432, 18.6507003 ], [ 81.2511028, 18.6507905 ], [ 81.2510837, 18.650856 ], [ 81.2510885, 18.6510658 ], [ 81.2511313, 18.6512011 ], [ 81.2511837, 18.6513229 ], [ 81.2512266, 18.6514741 ], [ 81.2511528, 18.6516658 ], [ 81.251098, 18.6517628 ], [ 81.250817, 18.6520628 ], [ 81.2506409, 18.6522072 ], [ 81.2503623, 18.6523696 ], [ 81.2502718, 18.6524396 ], [ 81.2502409, 18.6525185 ], [ 81.2502528, 18.6526584 ], [ 81.2503004, 18.6527374 ], [ 81.2503766, 18.6528727 ], [ 81.2504456, 18.6529945 ], [ 81.2509266, 18.6535292 ], [ 81.2511218, 18.6537976 ], [ 81.2512313, 18.6541202 ], [ 81.2512504, 18.6544157 ], [ 81.251248, 18.6545894 ], [ 81.2512504, 18.6547225 ], [ 81.2512742, 18.6548511 ], [ 81.2513694, 18.6550338 ], [ 81.2515504, 18.6553226 ], [ 81.2515718, 18.6554399 ], [ 81.2515408, 18.6555459 ], [ 81.2514242, 18.6555865 ], [ 81.2512623, 18.6556045 ], [ 81.2510813, 18.6556248 ], [ 81.2508694, 18.6557263 ], [ 81.2507718, 18.6558121 ], [ 81.2506837, 18.6558797 ], [ 81.2505575, 18.6561324 ], [ 81.2501813, 18.6565813 ], [ 81.2498671, 18.6568249 ], [ 81.2496194, 18.6570437 ], [ 81.2494694, 18.65724 ], [ 81.2494456, 18.6573415 ], [ 81.249448, 18.6575445 ], [ 81.2495004, 18.6576754 ], [ 81.2495837, 18.6577679 ], [ 81.2496837, 18.6578288 ], [ 81.2498194, 18.6578987 ], [ 81.2500885, 18.6580476 ], [ 81.2503123, 18.6583273 ], [ 81.2504432, 18.6585732 ], [ 81.2504861, 18.6586724 ], [ 81.2504885, 18.6589025 ], [ 81.2504051, 18.6590153 ], [ 81.2502813, 18.6590965 ], [ 81.2501361, 18.6591777 ], [ 81.2498313, 18.6593446 ], [ 81.2498099, 18.6594439 ], [ 81.2498837, 18.6595296 ], [ 81.2500218, 18.6596582 ], [ 81.2501575, 18.6597597 ], [ 81.2503099, 18.6598454 ], [ 81.2504813, 18.6599176 ], [ 81.2506075, 18.659974 ], [ 81.250898, 18.6600507 ], [ 81.2511932, 18.660168 ], [ 81.2514147, 18.660265 ], [ 81.2514885, 18.6603485 ], [ 81.2515385, 18.6604658 ], [ 81.2515528, 18.6605831 ], [ 81.2515194, 18.6607184 ], [ 81.2514004, 18.6609147 ], [ 81.2512551, 18.6610568 ], [ 81.2510647, 18.661244 ], [ 81.2507885, 18.6615485 ], [ 81.2505575, 18.6618801 ], [ 81.2504456, 18.6620448 ], [ 81.2503813, 18.6621418 ], [ 81.2503409, 18.6622027 ], [ 81.2501861, 18.6626516 ], [ 81.2501552, 18.6629606 ], [ 81.2500837, 18.6631478 ], [ 81.2499885, 18.6632313 ], [ 81.249729, 18.6632539 ], [ 81.2495171, 18.6632561 ], [ 81.2492742, 18.6632832 ], [ 81.2490433, 18.663387 ], [ 81.2489337, 18.6634997 ], [ 81.2488004, 18.6636441 ], [ 81.2487266, 18.6637614 ], [ 81.2487195, 18.6638832 ], [ 81.2487885, 18.6640253 ], [ 81.2491969, 18.6646212 ], [ 81.2495159, 18.6648874 ], [ 81.2497588, 18.6652212 ], [ 81.2499492, 18.6654513 ], [ 81.2506912, 18.6662251 ], [ 81.2508722, 18.6664292 ], [ 81.2509299, 18.6665651 ], [ 81.2509298, 18.6667071 ], [ 81.2509297, 18.6670063 ], [ 81.2509254, 18.6674363 ], [ 81.2508826, 18.6679596 ], [ 81.2505207, 18.6685732 ], [ 81.2503826, 18.6688438 ], [ 81.2502588, 18.669119 ], [ 81.2501826, 18.6693446 ], [ 81.2501969, 18.6694754 ], [ 81.2504254, 18.6700168 ], [ 81.2506635, 18.670319 ], [ 81.2508302, 18.6704679 ], [ 81.2514077, 18.6710862 ], [ 81.2515178, 18.6712985 ], [ 81.2516322, 18.6714785 ] ] } },
{ "type": "Feature", "properties": { "highway": "primary" }, "geometry": { "type": "LineString", "coordinates": [ [ 81.2516322, 18.6714785 ], [ 81.2517361, 18.6716529 ] ] } },
{ "type": "Feature", "properties": { "highway": "primary" }, "geometry": { "type": "LineString", "coordinates": [ [ 81.2517361, 18.6716529 ], [ 81.2518442, 18.6718287 ], [ 81.2519334, 18.6720105 ], [ 81.2521776, 18.6725544 ], [ 81.2524385, 18.6731589 ], [ 81.2526288, 18.6735449 ], [ 81.2527432, 18.6735832 ], [ 81.2528207, 18.6736007 ], [ 81.2530581, 18.6735321 ], [ 81.2532955, 18.6734667 ], [ 81.2535867, 18.6733726 ], [ 81.2538594, 18.6733248 ], [ 81.2539672, 18.6733391 ], [ 81.2540615, 18.6733647 ], [ 81.2542298, 18.6734843 ], [ 81.2542972, 18.6735624 ], [ 81.2543527, 18.6736677 ], [ 81.2543915, 18.6737458 ], [ 81.2544117, 18.6738399 ], [ 81.2544066, 18.6739229 ], [ 81.2543662, 18.6741238 ], [ 81.2542416, 18.6743934 ], [ 81.2541692, 18.6745321 ], [ 81.2541069, 18.6747028 ], [ 81.2540598, 18.6748256 ], [ 81.2539502, 18.6751632 ], [ 81.2539233, 18.6754598 ], [ 81.2539233, 18.6756608 ], [ 81.2539435, 18.6758777 ], [ 81.2542937, 18.6774248 ], [ 81.2545631, 18.6785795 ], [ 81.2548223, 18.67968 ], [ 81.2549907, 18.680152 ], [ 81.255122, 18.6803658 ], [ 81.2552264, 18.680589 ], [ 81.2553678, 18.6809622 ], [ 81.2554688, 18.6812334 ], [ 81.2555193, 18.681412 ], [ 81.2555631, 18.681664 ], [ 81.2555833, 18.6818713 ], [ 81.25559, 18.6822318 ], [ 81.2556473, 18.6829175 ], [ 81.2556978, 18.6837309 ], [ 81.2557467, 18.6842169 ], [ 81.255759, 18.6845487 ], [ 81.2557142, 18.6847395 ], [ 81.2556372, 18.684892 ], [ 81.2554712, 18.6851044 ], [ 81.2552617, 18.6853211 ], [ 81.2551131, 18.6854784 ], [ 81.2549027, 18.6856981 ], [ 81.2547598, 18.6858432 ], [ 81.2546153, 18.6859388 ], [ 81.2544162, 18.6860361 ], [ 81.2541892, 18.6861821 ], [ 81.253743, 18.6864832 ], [ 81.2535302, 18.6866595 ], [ 81.2531562, 18.686871 ], [ 81.2528175, 18.6871298 ], [ 81.2526952, 18.6872659 ], [ 81.2526599, 18.6873764 ], [ 81.2526452, 18.6874804 ], [ 81.2526496, 18.6876049 ], [ 81.2526499, 18.6876873 ], [ 81.2526668, 18.6880945 ], [ 81.2526808, 18.6885473 ], [ 81.252701, 18.6896774 ], [ 81.2526919, 18.6900459 ], [ 81.2526775, 18.6906269 ], [ 81.2526202, 18.6914753 ], [ 81.252702, 18.6919564 ], [ 81.2527092, 18.6921241 ], [ 81.2527134, 18.6923626 ], [ 81.2527121, 18.6924077 ], [ 81.2527058, 18.6926224 ], [ 81.2527273, 18.6927002 ], [ 81.2527645, 18.6927597 ], [ 81.252893, 18.69285 ], [ 81.2531266, 18.6930082 ], [ 81.2531966, 18.6930631 ], [ 81.253233, 18.6931402 ], [ 81.2532595, 18.6932705 ] ] } },
{ "type": "Feature", "properties": { "highway": "unclassified" }, "geometry": { "type": "LineString", "coordinates": [ [ 81.240546, 18.6928665 ], [ 81.240741, 18.6930459 ] ] } },
{ "type": "Feature", "properties": { "highway": "unclassified" }, "geometry": { "type": "LineString", "coordinates": [ [ 81.240423, 18.6938582 ], [ 81.2407292, 18.6942137 ] ] } },
{ "type": "Feature", "properties": { "highway": "unclassified" }, "geometry": { "type": "LineString", "coordinates": [ [ 81.2407292, 18.6942137 ], [ 81.2407982, 18.6942325 ], [ 81.2408593, 18.6941912 ], [ 81.2410283, 18.6940198 ], [ 81.2413331, 18.693668 ], [ 81.2415307, 18.6935643 ], [ 81.2421236, 18.6932891 ], [ 81.242295, 18.693235 ], [ 81.2423831, 18.6931515 ], [ 81.242514, 18.6929982 ], [ 81.242958, 18.6925074 ], [ 81.2430621, 18.6924293 ] ] } },
{ "type": "Feature", "properties": { "highway": "unclassified" }, "geometry": { "type": "LineString", "coordinates": [ [ 81.1991573, 18.6787949 ], [ 81.1981219, 18.6794455 ], [ 81.1973012, 18.680035 ], [ 81.1965019, 18.6804264 ], [ 81.1963302, 18.6805738 ], [ 81.1961103, 18.6809854 ], [ 81.1960995, 18.681326 ], [ 81.1961425, 18.6815242 ], [ 81.1962068, 18.6816817 ], [ 81.1963034, 18.6818494 ], [ 81.1965502, 18.6821544 ], [ 81.1970866, 18.682749 ], [ 81.1973816, 18.6831149 ], [ 81.1976016, 18.6833233 ], [ 81.197784, 18.6833843 ], [ 81.1981005, 18.6834453 ], [ 81.1985833, 18.6835063 ], [ 81.1987818, 18.6835165 ], [ 81.198991, 18.6834707 ], [ 81.1994469, 18.6832573 ], [ 81.1997956, 18.6831607 ], [ 81.2003482, 18.6829777 ], [ 81.2004662, 18.6829879 ], [ 81.2005198, 18.6830082 ], [ 81.2006915, 18.6831353 ], [ 81.2007451, 18.6832064 ], [ 81.2007881, 18.683303 ], [ 81.200831, 18.6834758 ], [ 81.2008846, 18.6840958 ], [ 81.2008363, 18.6842686 ], [ 81.2004876, 18.6848785 ], [ 81.2004769, 18.6849598 ], [ 81.2005198, 18.6850462 ], [ 81.2007398, 18.6852851 ], [ 81.2008202, 18.6856002 ], [ 81.2008739, 18.685651 ], [ 81.200902, 18.6858067 ], [ 81.2009179, 18.6859734 ], [ 81.2009247, 18.6862796 ], [ 81.2009987, 18.6865858 ], [ 81.2009954, 18.6867868 ], [ 81.2008742, 18.6872429 ], [ 81.2008674, 18.6873737 ], [ 81.2008573, 18.6875555 ], [ 81.2008775, 18.687632 ], [ 81.2009314, 18.6877022 ], [ 81.2010964, 18.6877692 ], [ 81.2011772, 18.6877724 ], [ 81.2012849, 18.687782 ], [ 81.2013759, 18.6878075 ], [ 81.2015038, 18.6879191 ], [ 81.2016587, 18.6881073 ], [ 81.2021739, 18.6885092 ], [ 81.2024331, 18.6887388 ], [ 81.2024904, 18.688876 ], [ 81.2027126, 18.6892109 ], [ 81.2028507, 18.6894374 ], [ 81.2028709, 18.6895586 ], [ 81.2028473, 18.6897021 ], [ 81.2028709, 18.6898584 ], [ 81.2031099, 18.6901965 ], [ 81.2033153, 18.6905091 ], [ 81.2033153, 18.6907132 ], [ 81.2032539, 18.6908684 ], [ 81.2032158, 18.6909744 ], [ 81.2032134, 18.6910849 ], [ 81.2032253, 18.691236 ], [ 81.2032325, 18.6913826 ], [ 81.2032706, 18.6915608 ], [ 81.2033944, 18.6917773 ], [ 81.2035015, 18.6919442 ], [ 81.2036634, 18.6922081 ], [ 81.2039087, 18.6924787 ], [ 81.2039801, 18.6925892 ], [ 81.2040134, 18.6927313 ], [ 81.2040015, 18.6928734 ], [ 81.2040015, 18.6929794 ], [ 81.2041301, 18.6932027 ], [ 81.2042801, 18.6932635 ], [ 81.204361, 18.6933402 ], [ 81.2046182, 18.6933402 ], [ 81.2048491, 18.6933312 ], [ 81.2049396, 18.6933741 ], [ 81.2050467, 18.6934688 ], [ 81.2051753, 18.693656 ], [ 81.2053467, 18.693877 ], [ 81.2055848, 18.6941544 ], [ 81.2057896, 18.6943258 ], [ 81.2059801, 18.6944318 ], [ 81.2063372, 18.6945423 ], [ 81.2065015, 18.6945649 ], [ 81.2066634, 18.6946325 ], [ 81.2067753, 18.6949212 ], [ 81.2068205, 18.6950633 ], [ 81.2069896, 18.6955414 ], [ 81.2071229, 18.6958707 ], [ 81.2072158, 18.6960195 ], [ 81.2075443, 18.6962992 ], [ 81.20788, 18.6965608 ], [ 81.2085015, 18.6968698 ], [ 81.208561, 18.6969622 ], [ 81.2086134, 18.6970615 ], [ 81.2086134, 18.6971224 ], [ 81.2085824, 18.6972148 ], [ 81.2085419, 18.6972667 ], [ 81.2084967, 18.6973456 ], [ 81.2084895, 18.6974065 ], [ 81.2085181, 18.6974764 ], [ 81.2086586, 18.6975644 ], [ 81.2087634, 18.6975847 ], [ 81.2088538, 18.6975757 ], [ 81.2090205, 18.6976253 ], [ 81.2091395, 18.6976839 ], [ 81.2092872, 18.6978102 ], [ 81.2093919, 18.6978892 ], [ 81.2094991, 18.6979252 ], [ 81.2096086, 18.6979027 ], [ 81.2097443, 18.6978869 ], [ 81.2099229, 18.6978576 ], [ 81.2100681, 18.6978892 ], [ 81.2101633, 18.6979681 ], [ 81.2103205, 18.6983628 ], [ 81.2102871, 18.6984191 ], [ 81.21033, 18.6985184 ], [ 81.2103562, 18.6985522 ], [ 81.2104943, 18.6985793 ], [ 81.210599, 18.6985545 ], [ 81.2107205, 18.698444 ], [ 81.2107181, 18.698356 ], [ 81.2107086, 18.698162 ], [ 81.2107443, 18.6979884 ], [ 81.2107705, 18.697826 ], [ 81.2107657, 18.6976546 ], [ 81.2107109, 18.6974742 ], [ 81.210649, 18.6971382 ], [ 81.2106395, 18.6969059 ], [ 81.2108237, 18.6967424 ], [ 81.2110493, 18.6966977 ], [ 81.211514, 18.6967009 ], [ 81.2116621, 18.6966307 ], [ 81.2118204, 18.6965127 ], [ 81.2119517, 18.6964075 ], [ 81.2120527, 18.6963596 ], [ 81.2121638, 18.696366 ], [ 81.2121841, 18.6964266 ], [ 81.2121133, 18.6964968 ], [ 81.2119484, 18.6966148 ], [ 81.2117935, 18.696787 ], [ 81.2116318, 18.6968891 ], [ 81.2114736, 18.6970422 ], [ 81.2114029, 18.6972112 ], [ 81.21145, 18.6975844 ], [ 81.2117935, 18.69805 ], [ 81.2118743, 18.6984009 ], [ 81.2119012, 18.6986369 ], [ 81.212046, 18.6989239 ], [ 81.2123221, 18.6993704 ], [ 81.2125578, 18.6996639 ], [ 81.2127127, 18.6997882 ], [ 81.2128507, 18.6998712 ], [ 81.2129215, 18.69997 ], [ 81.212908, 18.7001678 ], [ 81.2127834, 18.7004899 ], [ 81.21278, 18.7006271 ], [ 81.2127935, 18.7007642 ], [ 81.2129518, 18.7009396 ], [ 81.2130629, 18.7010066 ], [ 81.2131639, 18.7010799 ], [ 81.2132851, 18.7011565 ], [ 81.2134265, 18.7011916 ], [ 81.2134905, 18.701182 ], [ 81.2135174, 18.7010895 ], [ 81.2134333, 18.7010034 ], [ 81.2131673, 18.7009173 ], [ 81.2130763, 18.700812 ], [ 81.2130831, 18.7006462 ], [ 81.2131807, 18.7003783 ], [ 81.2132885, 18.7002092 ], [ 81.2133827, 18.700053 ], [ 81.2134198, 18.6999063 ], [ 81.2131875, 18.6995044 ], [ 81.213009, 18.6992971 ], [ 81.2128676, 18.6989718 ], [ 81.2128373, 18.6986975 ], [ 81.2128507, 18.6983817 ], [ 81.2129046, 18.6980883 ], [ 81.2130292, 18.6977598 ], [ 81.2131471, 18.6976418 ], [ 81.2132043, 18.6976513 ], [ 81.2132481, 18.6977438 ], [ 81.2132043, 18.6978714 ], [ 81.2131538, 18.6980309 ], [ 81.2131201, 18.6981329 ], [ 81.2131369, 18.6982797 ], [ 81.2132009, 18.6985189 ], [ 81.2133019, 18.6987294 ], [ 81.2136083, 18.6991823 ], [ 81.213908, 18.6994183 ], [ 81.2140427, 18.6995905 ], [ 81.2142212, 18.699801 ], [ 81.2142178, 18.7000434 ], [ 81.2141875, 18.7001901 ], [ 81.2141269, 18.7004006 ], [ 81.2141033, 18.7005696 ], [ 81.2141067, 18.7006621 ], [ 81.2141774, 18.7007642 ], [ 81.2145949, 18.7009747 ], [ 81.2147027, 18.7010481 ], [ 81.2149081, 18.7013064 ], [ 81.2149518, 18.7014563 ], [ 81.2149586, 18.7015775 ], [ 81.2149451, 18.7017338 ], [ 81.2149148, 18.7018581 ], [ 81.2148643, 18.7021069 ], [ 81.2147936, 18.7022409 ], [ 81.2147801, 18.7023493 ], [ 81.2148205, 18.7024067 ], [ 81.214972, 18.7024896 ], [ 81.2150865, 18.7025343 ], [ 81.2152885, 18.7025917 ], [ 81.2156387, 18.7025917 ], [ 81.2158744, 18.7025662 ], [ 81.2161034, 18.7025502 ], [ 81.2163425, 18.7025407 ], [ 81.2165445, 18.7024928 ], [ 81.2166051, 18.702429 ], [ 81.2165916, 18.7023557 ], [ 81.2164973, 18.7023461 ], [ 81.2164031, 18.7023525 ], [ 81.2162684, 18.7023684 ], [ 81.2161438, 18.7023876 ], [ 81.2159653, 18.7023812 ], [ 81.215797, 18.7023493 ], [ 81.2156556, 18.7022823 ], [ 81.2155546, 18.7021229 ], [ 81.2155781, 18.7019443 ], [ 81.2156454, 18.7018374 ], [ 81.2159454, 18.7014269 ], [ 81.2165049, 18.7006647 ], [ 81.2167834, 18.7002407 ], [ 81.2170882, 18.6998686 ], [ 81.2173096, 18.6994446 ], [ 81.2174501, 18.6990567 ], [ 81.2176096, 18.6984793 ], [ 81.2177668, 18.6982087 ], [ 81.2178691, 18.6980937 ], [ 81.2183453, 18.6979629 ], [ 81.2186715, 18.6978479 ], [ 81.2189263, 18.6976156 ], [ 81.2190429, 18.6975073 ], [ 81.2191287, 18.6973945 ], [ 81.2192929, 18.6973224 ], [ 81.2194334, 18.6973269 ], [ 81.219612, 18.6973945 ], [ 81.2197501, 18.6974938 ], [ 81.2200072, 18.6974735 ], [ 81.2201144, 18.6974397 ], [ 81.220231, 18.697354 ], [ 81.2204453, 18.6972908 ], [ 81.2205882, 18.6973652 ], [ 81.2207001, 18.6974419 ], [ 81.2208191, 18.697478 ], [ 81.2209501, 18.697469 ], [ 81.2211215, 18.6973765 ], [ 81.2212953, 18.6971352 ], [ 81.2212358, 18.6966729 ], [ 81.2212048, 18.6964744 ], [ 81.221212, 18.6963458 ], [ 81.2212334, 18.696179 ], [ 81.2212977, 18.6959963 ], [ 81.2214143, 18.6955024 ], [ 81.2214477, 18.6951753 ], [ 81.2214262, 18.6947829 ], [ 81.2212001, 18.6944085 ], [ 81.2209167, 18.6940409 ], [ 81.2208453, 18.6939417 ], [ 81.2206953, 18.6935696 ], [ 81.2206477, 18.6931072 ], [ 81.2204953, 18.6924487 ], [ 81.2203239, 18.6917022 ], [ 81.2202644, 18.6914992 ], [ 81.2202429, 18.6912556 ], [ 81.220281, 18.6910616 ], [ 81.2203715, 18.6907075 ], [ 81.2204548, 18.6904978 ], [ 81.2205215, 18.6903241 ], [ 81.2206144, 18.690182 ], [ 81.2207001, 18.6900783 ], [ 81.2208429, 18.6899543 ], [ 81.2210374, 18.6898939 ], [ 81.2211083, 18.6898687 ], [ 81.221345, 18.6897846 ], [ 81.2215486, 18.6897122 ], [ 81.2216747, 18.6896277 ], [ 81.2217958, 18.6895317 ], [ 81.2220453, 18.689228 ], [ 81.2222358, 18.6890093 ], [ 81.2223548, 18.6888694 ], [ 81.2225881, 18.6886236 ], [ 81.2228048, 18.6884612 ], [ 81.223081, 18.6883326 ], [ 81.2232834, 18.688159 ], [ 81.2235834, 18.687956 ], [ 81.2238334, 18.6877823 ], [ 81.2239953, 18.6876267 ], [ 81.2242072, 18.6874327 ], [ 81.224281, 18.6874305 ], [ 81.2243476, 18.6874598 ], [ 81.2243714, 18.6875342 ], [ 81.2243214, 18.6876493 ], [ 81.2238595, 18.6880011 ], [ 81.2236596, 18.6881477 ], [ 81.2233238, 18.6886506 ], [ 81.2232524, 18.6887612 ], [ 81.2231572, 18.6889032 ], [ 81.2230262, 18.6892528 ], [ 81.223, 18.6894152 ], [ 81.2229643, 18.689643 ], [ 81.2229357, 18.6899475 ], [ 81.2228691, 18.6902249 ], [ 81.2228238, 18.6904166 ], [ 81.2228215, 18.6905452 ], [ 81.2228358, 18.6906557 ], [ 81.2228548, 18.690694 ], [ 81.2228977, 18.6907211 ], [ 81.2229905, 18.6906872 ], [ 81.2230619, 18.6903354 ], [ 81.2231215, 18.6902339 ], [ 81.2231881, 18.6901369 ], [ 81.2232405, 18.6900648 ], [ 81.2233072, 18.6899159 ], [ 81.2233119, 18.6897896 ], [ 81.223331, 18.6895911 ], [ 81.2233572, 18.6894626 ], [ 81.2234072, 18.6893724 ], [ 81.2235381, 18.6891852 ], [ 81.2238619, 18.688795 ], [ 81.2241095, 18.6886055 ], [ 81.2243143, 18.6884725 ], [ 81.2244072, 18.6884183 ], [ 81.2248857, 18.6882627 ], [ 81.2250143, 18.6881951 ], [ 81.2251095, 18.6880936 ], [ 81.2251714, 18.6880033 ], [ 81.2252048, 18.6878951 ], [ 81.2252476, 18.6877304 ], [ 81.2252714, 18.6875884 ], [ 81.2252929, 18.6873606 ], [ 81.2254262, 18.686923 ], [ 81.2255381, 18.6866817 ], [ 81.225631, 18.6864719 ], [ 81.2256619, 18.6863118 ], [ 81.2255119, 18.6858179 ], [ 81.2254381, 18.6853149 ], [ 81.2254024, 18.6846495 ], [ 81.2255167, 18.6843631 ], [ 81.2255762, 18.6842594 ], [ 81.2257, 18.6841173 ], [ 81.2257952, 18.6839526 ], [ 81.22625, 18.6834136 ], [ 81.2263429, 18.6832805 ], [ 81.2265833, 18.6830595 ], [ 81.2267952, 18.6827256 ], [ 81.2268547, 18.6826309 ], [ 81.2268696, 18.6823983 ], [ 81.2268621, 18.6822165 ], [ 81.2268589, 18.6819505 ], [ 81.2268461, 18.681682 ], [ 81.2268309, 18.6815528 ], [ 81.2267857, 18.6814693 ], [ 81.2266667, 18.6813566 ], [ 81.2265476, 18.6812618 ], [ 81.2264548, 18.6811243 ], [ 81.2264238, 18.6809889 ], [ 81.2264809, 18.6809619 ], [ 81.2265595, 18.6809686 ], [ 81.2266333, 18.681034 ], [ 81.2267262, 18.6811333 ], [ 81.2269, 18.6812303 ], [ 81.2270928, 18.6814761 ], [ 81.2271595, 18.6816069 ], [ 81.2272095, 18.6817535 ], [ 81.2272809, 18.6820873 ], [ 81.2273143, 18.6822858 ], [ 81.2273738, 18.6824189 ], [ 81.2274571, 18.682552 ], [ 81.2274595, 18.6829377 ], [ 81.2273809, 18.6830617 ], [ 81.2272595, 18.6832557 ], [ 81.2269357, 18.683815 ], [ 81.2267857, 18.684097 ], [ 81.2266714, 18.6843902 ], [ 81.2266262, 18.6844872 ], [ 81.2265762, 18.6846608 ], [ 81.2266238, 18.6849315 ], [ 81.2267809, 18.685236 ], [ 81.2268905, 18.685369 ], [ 81.2269976, 18.6855021 ], [ 81.2271381, 18.6857367 ], [ 81.2272095, 18.6862261 ], [ 81.2272143, 18.6865757 ], [ 81.2272, 18.6870786 ], [ 81.2271714, 18.6873425 ], [ 81.2271714, 18.6874237 ], [ 81.2271024, 18.6878049 ], [ 81.2270667, 18.6879853 ], [ 81.2270262, 18.6881522 ], [ 81.2270024, 18.6882898 ], [ 81.2270786, 18.6886619 ], [ 81.2270905, 18.6887724 ], [ 81.2270476, 18.6889281 ], [ 81.2269595, 18.6891423 ], [ 81.2268381, 18.6894039 ], [ 81.2267809, 18.6895956 ], [ 81.2267333, 18.6897761 ], [ 81.2266428, 18.6899294 ], [ 81.2266, 18.6900106 ], [ 81.2263, 18.6902069 ], [ 81.2260786, 18.6902384 ], [ 81.2259571, 18.6902384 ], [ 81.2259071, 18.6902542 ], [ 81.2258119, 18.6903309 ], [ 81.2257667, 18.6904527 ], [ 81.2257571, 18.6906466 ], [ 81.2257548, 18.6907481 ], [ 81.2257524, 18.6908812 ], [ 81.225919, 18.6912105 ], [ 81.2260286, 18.6913751 ], [ 81.2261524, 18.6915037 ], [ 81.2262762, 18.6915962 ], [ 81.2265167, 18.6916367 ], [ 81.2267643, 18.6916819 ], [ 81.2268976, 18.6917157 ], [ 81.2270024, 18.6918307 ], [ 81.2272309, 18.6919908 ], [ 81.2274643, 18.6922141 ], [ 81.2275879, 18.6923458 ], [ 81.2276666, 18.6924306 ], [ 81.2277262, 18.6925998 ], [ 81.2277905, 18.6927419 ], [ 81.2278643, 18.6930057 ], [ 81.2279428, 18.6933305 ], [ 81.2279833, 18.6937139 ], [ 81.2280547, 18.6941176 ], [ 81.2281, 18.6943003 ], [ 81.2281024, 18.6944131 ], [ 81.2280666, 18.6945529 ], [ 81.2280143, 18.6946499 ], [ 81.2279714, 18.6947446 ], [ 81.2279738, 18.6948213 ], [ 81.2280214, 18.6948731 ], [ 81.228069, 18.6948822 ], [ 81.2281357, 18.6948416 ], [ 81.2282024, 18.6946927 ], [ 81.2282333, 18.6945732 ], [ 81.2282643, 18.6942935 ], [ 81.2282595, 18.6940409 ], [ 81.2282809, 18.6938492 ], [ 81.2283119, 18.693644 ], [ 81.2283309, 18.6934568 ], [ 81.2284333, 18.6930508 ], [ 81.228519, 18.6927509 ], [ 81.2285619, 18.6926359 ], [ 81.228569, 18.6924599 ], [ 81.2285547, 18.6923697 ], [ 81.2285309, 18.6922051 ], [ 81.2282762, 18.6918871 ], [ 81.2281095, 18.6917202 ], [ 81.2279976, 18.6916165 ], [ 81.2278619, 18.6915646 ], [ 81.2276738, 18.6914856 ], [ 81.2274619, 18.6913503 ], [ 81.2274047, 18.6912714 ], [ 81.227369, 18.6911496 ], [ 81.2274333, 18.6910977 ], [ 81.2275857, 18.6911631 ], [ 81.2276333, 18.6912781 ], [ 81.2277833, 18.6913571 ], [ 81.2278976, 18.6913842 ], [ 81.2280238, 18.6913999 ], [ 81.2281476, 18.6914044 ], [ 81.2283785, 18.6915962 ], [ 81.2284976, 18.691657 ], [ 81.2286381, 18.6916954 ], [ 81.2287904, 18.691745 ], [ 81.2291142, 18.6920517 ], [ 81.2294452, 18.6922344 ], [ 81.2294904, 18.6922976 ], [ 81.2295238, 18.6923607 ], [ 81.2295071, 18.6924915 ], [ 81.2293881, 18.6929742 ], [ 81.2293833, 18.693317 ], [ 81.2294381, 18.6937094 ], [ 81.2296, 18.694077 ], [ 81.2297285, 18.6944672 ], [ 81.229738, 18.694598 ], [ 81.2297357, 18.6946747 ], [ 81.2296928, 18.6947694 ], [ 81.2295976, 18.6949092 ], [ 81.2291952, 18.6953016 ], [ 81.228969, 18.6955565 ], [ 81.2288571, 18.695861 ], [ 81.2288642, 18.696003 ], [ 81.2289642, 18.6960887 ], [ 81.2293404, 18.6963526 ], [ 81.2297309, 18.6967405 ], [ 81.2298142, 18.6969097 ], [ 81.2298666, 18.6970472 ], [ 81.2299119, 18.6971758 ], [ 81.2299761, 18.6973066 ], [ 81.2300809, 18.6973991 ], [ 81.2304857, 18.6975975 ], [ 81.2306737, 18.6976945 ], [ 81.2309023, 18.6977644 ], [ 81.2310023, 18.6978253 ], [ 81.231119, 18.69792 ], [ 81.2312142, 18.6979832 ], [ 81.2313071, 18.6980441 ], [ 81.2314309, 18.6980396 ], [ 81.2315547, 18.6979742 ], [ 81.2316999, 18.6979042 ], [ 81.2317523, 18.6978997 ], [ 81.2318928, 18.6979178 ], [ 81.2319523, 18.6979381 ], [ 81.2320571, 18.6979516 ], [ 81.2321333, 18.6979155 ], [ 81.2322094, 18.6978388 ], [ 81.2322666, 18.6977892 ], [ 81.2323452, 18.6977667 ], [ 81.2324404, 18.6977915 ], [ 81.2325594, 18.6979088 ], [ 81.232588, 18.6979922 ], [ 81.2325999, 18.698132 ], [ 81.2326166, 18.6982628 ], [ 81.2326023, 18.6984455 ], [ 81.2325404, 18.698556 ], [ 81.2324785, 18.698671 ], [ 81.2323999, 18.6988402 ], [ 81.2323999, 18.6989101 ], [ 81.2324166, 18.6989687 ], [ 81.2325404, 18.6990454 ], [ 81.2327071, 18.6991537 ], [ 81.2328166, 18.6992123 ], [ 81.2329047, 18.6992393 ], [ 81.2330428, 18.6991514 ], [ 81.2330975, 18.6990228 ], [ 81.233238, 18.6989913 ], [ 81.2333523, 18.6990341 ], [ 81.233407, 18.6990905 ], [ 81.2334547, 18.6991852 ], [ 81.2335118, 18.6993048 ], [ 81.2336047, 18.6994807 ], [ 81.2337309, 18.6996724 ], [ 81.2338285, 18.6997874 ], [ 81.2339261, 18.699952 ], [ 81.2340356, 18.7002362 ], [ 81.2340451, 18.7004143 ], [ 81.2340404, 18.7007233 ], [ 81.2340142, 18.70103 ], [ 81.2339975, 18.7011879 ], [ 81.2339404, 18.7013164 ], [ 81.2338737, 18.7014405 ], [ 81.2337856, 18.7015758 ], [ 81.2337332, 18.701666 ], [ 81.2337285, 18.7017472 ], [ 81.2337785, 18.7018035 ], [ 81.233838, 18.7018193 ], [ 81.2339261, 18.7017675 ], [ 81.2340404, 18.7015916 ], [ 81.2341547, 18.7013931 ], [ 81.2342713, 18.7011608 ], [ 81.2343356, 18.7010255 ], [ 81.234438, 18.7006647 ], [ 81.2344808, 18.7004617 ], [ 81.2345285, 18.7001843 ], [ 81.2345404, 18.7000467 ], [ 81.2343951, 18.6996205 ], [ 81.2343142, 18.6994378 ], [ 81.2342332, 18.6993476 ], [ 81.2341547, 18.6992168 ], [ 81.2341118, 18.6991108 ], [ 81.2341094, 18.6989371 ], [ 81.234157, 18.6987748 ], [ 81.2341999, 18.6987071 ], [ 81.2343142, 18.6985898 ], [ 81.2344451, 18.6983124 ], [ 81.2346118, 18.6978975 ], [ 81.2346785, 18.6977283 ], [ 81.2346356, 18.6974802 ], [ 81.2345332, 18.6973382 ], [ 81.2344547, 18.6972051 ], [ 81.2343142, 18.697045 ], [ 81.2342451, 18.6969097 ], [ 81.234238, 18.6968127 ], [ 81.2342642, 18.6967834 ], [ 81.2343832, 18.6968037 ], [ 81.2345166, 18.6968781 ], [ 81.2346404, 18.6969593 ], [ 81.2348666, 18.6970901 ], [ 81.2351142, 18.6973517 ], [ 81.2351761, 18.697469 ], [ 81.2351975, 18.6975772 ], [ 81.2351499, 18.6976922 ], [ 81.2351046, 18.6978997 ], [ 81.2350451, 18.6982222 ], [ 81.2350213, 18.6986327 ], [ 81.2350237, 18.6988063 ], [ 81.2350356, 18.6989507 ], [ 81.2350499, 18.6990409 ], [ 81.2352078, 18.6993082 ], [ 81.2353088, 18.6995474 ], [ 81.2354485, 18.6997707 ], [ 81.2355899, 18.7000402 ], [ 81.2356707, 18.7001965 ], [ 81.2356977, 18.7002922 ], [ 81.2357145, 18.7005282 ], [ 81.2357162, 18.7007243 ], [ 81.235728, 18.700836 ], [ 81.235733, 18.7009444 ], [ 81.2357852, 18.7011661 ], [ 81.235834, 18.7013255 ], [ 81.2359334, 18.7016062 ], [ 81.2359771, 18.7020176 ], [ 81.2359553, 18.7021452 ], [ 81.2359418, 18.7022441 ], [ 81.2359569, 18.7023094 ], [ 81.2360074, 18.7023557 ], [ 81.2360647, 18.7023573 ], [ 81.2361202, 18.7023158 ], [ 81.2361522, 18.7022297 ], [ 81.2361455, 18.7019203 ], [ 81.2361354, 18.7017162 ], [ 81.2361085, 18.7015328 ], [ 81.2360714, 18.7013702 ], [ 81.2360563, 18.7010688 ], [ 81.2360563, 18.7006892 ], [ 81.2360899, 18.700415 ], [ 81.2361219, 18.700112 ], [ 81.2361017, 18.6999509 ], [ 81.2360495, 18.6996495 ], [ 81.2359796, 18.6992911 ], [ 81.2359606, 18.6991309 ], [ 81.2359201, 18.698955 ], [ 81.2359035, 18.6987656 ], [ 81.2359225, 18.6986528 ], [ 81.2360582, 18.6982717 ], [ 81.2362106, 18.6976019 ], [ 81.2363582, 18.6968779 ], [ 81.2365034, 18.6964088 ], [ 81.2365249, 18.6960322 ], [ 81.2366034, 18.6958044 ], [ 81.2366582, 18.6956804 ], [ 81.236713, 18.6955969 ], [ 81.2368177, 18.6955 ], [ 81.2370415, 18.6952744 ], [ 81.2370796, 18.6950263 ], [ 81.2370582, 18.6944512 ], [ 81.2369082, 18.6940272 ], [ 81.2368868, 18.6939709 ], [ 81.236882, 18.6938288 ], [ 81.236913, 18.6937092 ], [ 81.2369915, 18.6936213 ], [ 81.2370677, 18.6935672 ], [ 81.2371987, 18.6935198 ], [ 81.2372868, 18.693504 ], [ 81.2374344, 18.693513 ], [ 81.2376653, 18.6935604 ], [ 81.2378963, 18.6935175 ], [ 81.2380391, 18.6934612 ], [ 81.2381344, 18.6934341 ], [ 81.2383772, 18.6934769 ], [ 81.2384963, 18.6934769 ], [ 81.2386082, 18.6934431 ], [ 81.2387248, 18.6933168 ], [ 81.2387915, 18.6931905 ], [ 81.2388344, 18.6929176 ], [ 81.239001, 18.6926312 ], [ 81.2391344, 18.6925139 ], [ 81.2392963, 18.6923854 ], [ 81.2394248, 18.6922884 ], [ 81.2395982, 18.6922446 ], [ 81.2397329, 18.6922653 ], [ 81.2399012, 18.6923562 ], [ 81.2402699, 18.6926385 ], [ 81.240546, 18.6928665 ] ] } },
{ "type": "Feature", "properties": { "highway": "unclassified" }, "geometry": { "type": "LineString", "coordinates": [ [ 81.240741, 18.6930459 ], [ 81.24078, 18.6931217 ], [ 81.24078, 18.6931823 ], [ 81.2406975, 18.6933163 ], [ 81.2405207, 18.6935026 ], [ 81.2404062, 18.6936222 ], [ 81.2403894, 18.6936876 ], [ 81.2403927, 18.6937594 ], [ 81.240423, 18.6938582 ] ] } },
{ "type": "Feature", "properties": { "highway": "tertiary" }, "geometry": { "type": "LineString", "coordinates": [ [ 81.3150035, 18.6920039 ], [ 81.3147757, 18.6919934 ], [ 81.3142623, 18.6921295 ], [ 81.313516, 18.6924904 ], [ 81.3127815, 18.6926616 ], [ 81.3123612, 18.6927732 ], [ 81.3109512, 18.6931006 ], [ 81.3098828, 18.6932941 ], [ 81.3092111, 18.6934652 ], [ 81.3083981, 18.6936885 ], [ 81.3068429, 18.6943054 ], [ 81.3058542, 18.6948737 ], [ 81.3053154, 18.6952157 ], [ 81.3048432, 18.695442 ], [ 81.3045988, 18.695442 ], [ 81.3043933, 18.6953894 ], [ 81.3040989, 18.695221 ], [ 81.3039544, 18.6951894 ], [ 81.3036989, 18.6951473 ], [ 81.3032984, 18.69511 ], [ 81.3029056, 18.6951472 ], [ 81.3019944, 18.6952997 ], [ 81.3014562, 18.6954522 ], [ 81.3011145, 18.6955676 ], [ 81.3004743, 18.6955713 ], [ 81.299838, 18.6956085 ], [ 81.2992842, 18.6958094 ], [ 81.2990995, 18.6959843 ], [ 81.2989542, 18.6961703 ], [ 81.298856, 18.6962001 ], [ 81.2987618, 18.6961852 ], [ 81.29853, 18.6961182 ], [ 81.2982786, 18.6961108 ], [ 81.2980547, 18.6961964 ], [ 81.2971893, 18.696426 ], [ 81.2965949, 18.6966127 ], [ 81.2963061, 18.6966943 ], [ 81.2960367, 18.6967311 ], [ 81.295584, 18.6967522 ], [ 81.2948702, 18.6967943 ], [ 81.2942925, 18.6968521 ], [ 81.2934648, 18.6969705 ], [ 81.2927177, 18.6971547 ], [ 81.2924261, 18.6971389 ], [ 81.2922372, 18.6970626 ], [ 81.2920261, 18.6968942 ], [ 81.2917012, 18.6968495 ], [ 81.2915428, 18.6968627 ], [ 81.2912568, 18.6968785 ], [ 81.2907985, 18.6969626 ], [ 81.2899597, 18.6971389 ], [ 81.2894487, 18.6971889 ], [ 81.2887404, 18.6972889 ], [ 81.2884238, 18.6972915 ], [ 81.2880905, 18.6972915 ], [ 81.2875545, 18.6972836 ], [ 81.2870907, 18.697302 ], [ 81.2865824, 18.6973652 ], [ 81.2863047, 18.6973599 ], [ 81.2860908, 18.697331 ], [ 81.2857908, 18.6972757 ], [ 81.2854603, 18.6971389 ], [ 81.2850576, 18.6968785 ], [ 81.2846327, 18.6966864 ], [ 81.2843327, 18.6966732 ], [ 81.2841772, 18.6967153 ], [ 81.2840244, 18.6967837 ], [ 81.2834439, 18.6970968 ], [ 81.2828912, 18.6974967 ], [ 81.2825413, 18.6977177 ], [ 81.2821275, 18.6978861 ], [ 81.2819025, 18.6979439 ], [ 81.2813942, 18.6979387 ], [ 81.2812137, 18.697915 ], [ 81.2808387, 18.6978624 ], [ 81.2804444, 18.6977203 ], [ 81.2802388, 18.6976467 ], [ 81.2800777, 18.6976125 ], [ 81.2797972, 18.6976098 ], [ 81.2796361, 18.6976098 ], [ 81.2793528, 18.6975993 ], [ 81.2790751, 18.6974125 ], [ 81.2788946, 18.6972284 ], [ 81.2785641, 18.6971205 ], [ 81.2782613, 18.6972257 ], [ 81.2778697, 18.6973573 ], [ 81.277192, 18.6974993 ], [ 81.2766365, 18.6977045 ], [ 81.2764588, 18.6978019 ], [ 81.2763227, 18.6979387 ], [ 81.2760977, 18.6981912 ], [ 81.2758922, 18.6984648 ], [ 81.2756672, 18.6987358 ], [ 81.2753117, 18.6992804 ], [ 81.2749895, 18.6996803 ], [ 81.274809, 18.7001196 ], [ 81.2747423, 18.7004406 ], [ 81.2746979, 18.700651 ], [ 81.274659, 18.7012351 ], [ 81.2746118, 18.7013455 ], [ 81.2745709, 18.7013882 ], [ 81.2745285, 18.7014324 ], [ 81.2743368, 18.701456 ], [ 81.2741091, 18.7014218 ], [ 81.2737508, 18.7012877 ], [ 81.2731926, 18.7011088 ], [ 81.2731334, 18.7010714 ], [ 81.2730676, 18.7010299 ], [ 81.2729787, 18.7009273 ], [ 81.2728259, 18.7007457 ], [ 81.2726954, 18.700601 ], [ 81.2723538, 18.7001985 ], [ 81.2721427, 18.7000249 ], [ 81.2712059, 18.6995707 ], [ 81.2709074, 18.6994665 ], [ 81.2702397, 18.6990275 ], [ 81.2698115, 18.6988898 ], [ 81.2693913, 18.6987596 ], [ 81.2689867, 18.6985215 ], [ 81.268586, 18.6981718 ], [ 81.2682286, 18.6976955 ], [ 81.2677612, 18.6969737 ], [ 81.2675255, 18.6965422 ], [ 81.2670778, 18.6955971 ], [ 81.2667282, 18.6947526 ], [ 81.2664847, 18.6944884 ], [ 81.2661272, 18.6941796 ], [ 81.2656895, 18.6937772 ], [ 81.2654229, 18.6936167 ], [ 81.2649341, 18.6933563 ], [ 81.2644091, 18.693038 ], [ 81.2639981, 18.6927722 ], [ 81.2637453, 18.6926907 ], [ 81.2635065, 18.6926144 ], [ 81.2631399, 18.6925276 ], [ 81.2621622, 18.6924013 ], [ 81.2615318, 18.6922987 ], [ 81.2609846, 18.6921803 ], [ 81.2603347, 18.6921092 ], [ 81.2598736, 18.6921198 ], [ 81.2593626, 18.6921513 ], [ 81.2587432, 18.6921119 ], [ 81.2583655, 18.6921171 ], [ 81.2579822, 18.6921619 ], [ 81.2573545, 18.6922303 ], [ 81.2570157, 18.6922303 ], [ 81.2566296, 18.6921724 ], [ 81.2560686, 18.6921619 ], [ 81.2555242, 18.6921329 ], [ 81.2551437, 18.6921855 ], [ 81.254591, 18.6921908 ], [ 81.2541883, 18.6922119 ], [ 81.2539883, 18.692204 ], [ 81.2537884, 18.6921487 ], [ 81.2534801, 18.692054 ], [ 81.253294, 18.6919882 ], [ 81.2529829, 18.6919645 ], [ 81.252702, 18.6919564 ] ] } },
{ "type": "Feature", "properties": { "highway": "primary" }, "geometry": { "type": "LineString", "coordinates": [ [ 81.2532322, 18.6939258 ], [ 81.2532035, 18.6940271 ], [ 81.2531214, 18.694159 ], [ 81.2524511, 18.6951482 ], [ 81.2523265, 18.6952616 ], [ 81.2521723, 18.6953798 ], [ 81.2518753, 18.6956043 ], [ 81.251771, 18.6957606 ], [ 81.2517272, 18.6958914 ], [ 81.2517165, 18.6961333 ], [ 81.2517393, 18.6963485 ], [ 81.25175, 18.6964384 ], [ 81.2517642, 18.6965229 ], [ 81.2518003, 18.696635 ], [ 81.2518248, 18.6967111 ], [ 81.2519258, 18.6969184 ], [ 81.2520336, 18.6971129 ], [ 81.2521211, 18.697266 ], [ 81.2524073, 18.6977987 ], [ 81.2524773, 18.6981535 ], [ 81.2524983, 18.6985418 ], [ 81.2525185, 18.6995018 ], [ 81.2525086, 18.6998374 ], [ 81.2524869, 18.7005692 ], [ 81.2524881, 18.7012618 ], [ 81.2524882, 18.7013453 ], [ 81.2524766, 18.7015428 ], [ 81.2524711, 18.7016377 ], [ 81.2524579, 18.7018857 ], [ 81.2524949, 18.7022676 ], [ 81.2525085, 18.7024625 ], [ 81.2525184, 18.7026129 ], [ 81.2525317, 18.702757 ], [ 81.2525444, 18.7029684 ], [ 81.2525461, 18.7031 ], [ 81.2525487, 18.7038261 ], [ 81.2525487, 18.7039022 ], [ 81.2525488, 18.7042284 ], [ 81.2525621, 18.7045449 ], [ 81.2526033, 18.7047965 ], [ 81.252665, 18.7052416 ], [ 81.2527073, 18.7054398 ], [ 81.2527295, 18.7055431 ], [ 81.2527862, 18.7058464 ], [ 81.2528026, 18.7059181 ], [ 81.252859, 18.7061865 ], [ 81.2529157, 18.7064304 ], [ 81.2529773, 18.7066757 ], [ 81.2530858, 18.7071029 ], [ 81.2531857, 18.7075208 ], [ 81.2531989, 18.707602 ], [ 81.2532694, 18.7080352 ], [ 81.2532842, 18.7081632 ], [ 81.2533328, 18.7085832 ], [ 81.2533687, 18.7088493 ], [ 81.2533999, 18.709178 ], [ 81.2534293, 18.7094828 ], [ 81.2535118, 18.7101923 ], [ 81.2535598, 18.7106169 ], [ 81.2535992, 18.7109844 ], [ 81.2536128, 18.7111076 ], [ 81.2537289, 18.7120325 ], [ 81.2537838, 18.712364 ], [ 81.2537969, 18.7125617 ], [ 81.2537312, 18.712722 ], [ 81.2536639, 18.7128974 ], [ 81.2536269, 18.7130728 ], [ 81.2536538, 18.7132387 ], [ 81.2537279, 18.7133599 ], [ 81.2538222, 18.713497 ], [ 81.2538962, 18.7136469 ], [ 81.2539568, 18.7138574 ], [ 81.2540989, 18.7144292 ], [ 81.2541319, 18.7145622 ], [ 81.2542464, 18.7148874 ], [ 81.2543508, 18.7151521 ] ] } },
{ "type": "Feature", "properties": { "highway": "primary" }, "geometry": { "type": "LineString", "coordinates": [ [ 81.2532595, 18.6932705 ], [ 81.2532608, 18.6936499 ], [ 81.253261, 18.6937705 ], [ 81.2532322, 18.6939258 ] ] } },
{ "type": "Feature", "properties": { "highway": "tertiary" }, "geometry": { "type": "LineString", "coordinates": [ [ 81.2931864, 18.5760608 ], [ 81.2923898, 18.5772897 ], [ 81.2904083, 18.5800645 ], [ 81.289551, 18.5810374 ], [ 81.2888264, 18.5825139 ], [ 81.2884159, 18.5839446 ], [ 81.2879953, 18.5850413 ], [ 81.2863891, 18.5876703 ], [ 81.2827432, 18.5897502 ], [ 81.2802414, 18.5908104 ], [ 81.2775908, 18.5923194 ], [ 81.277566, 18.5924073 ], [ 81.2775545, 18.5924481 ], [ 81.2793947, 18.5944862 ], [ 81.2822862, 18.5963137 ], [ 81.2824921, 18.5965099 ], [ 81.2825994, 18.5967235 ], [ 81.2827442, 18.5973488 ], [ 81.2827939, 18.5978224 ], [ 81.2811698, 18.5997622 ], [ 81.28088, 18.6004432 ], [ 81.2806143, 18.6008838 ], [ 81.2795034, 18.6020797 ], [ 81.2772937, 18.6036132 ], [ 81.2765269, 18.6041912 ], [ 81.2766839, 18.6051639 ], [ 81.2770461, 18.6069778 ], [ 81.2772212, 18.6090663 ], [ 81.2774446, 18.609896 ], [ 81.2780665, 18.6109889 ], [ 81.2780001, 18.6120703 ], [ 81.2784046, 18.6131975 ], [ 81.2789753, 18.6150777 ], [ 81.279906, 18.6173272 ], [ 81.2801365, 18.6185895 ], [ 81.2799487, 18.619698 ], [ 81.2792485, 18.6200621 ], [ 81.2788984, 18.6202725 ], [ 81.278702, 18.6208227 ], [ 81.2787447, 18.6223925 ], [ 81.2778909, 18.6260336 ], [ 81.2773359, 18.6275709 ], [ 81.2748696, 18.6320883 ], [ 81.2742791, 18.6331699 ], [ 81.2738522, 18.63372 ], [ 81.272025, 18.6349822 ], [ 81.2646488, 18.6385142 ], [ 81.2645006, 18.6387091 ], [ 81.2641121, 18.6397979 ], [ 81.2647602, 18.6425332 ], [ 81.2653867, 18.6451771 ], [ 81.2650695, 18.6467429 ], [ 81.2636348, 18.6470617 ], [ 81.2613939, 18.6475451 ] ] } },
{ "type": "Feature", "properties": { "highway": "tertiary" }, "geometry": { "type": "LineString", "coordinates": [ [ 81.2636348, 18.6470617 ], [ 81.2637524, 18.6479491 ], [ 81.2638263, 18.648349 ], [ 81.2639126, 18.6485563 ], [ 81.2640944, 18.6488833 ], [ 81.2643193, 18.6493182 ], [ 81.2644918, 18.6495226 ], [ 81.2647815, 18.6497737 ], [ 81.2650588, 18.6499284 ], [ 81.2653761, 18.6500802 ], [ 81.2656534, 18.6502203 ], [ 81.2659184, 18.6504159 ], [ 81.2662388, 18.6506524 ], [ 81.2665007, 18.6509238 ], [ 81.2667503, 18.6512216 ], [ 81.2669505, 18.651531 ], [ 81.2670707, 18.6517763 ], [ 81.2672155, 18.6520915 ], [ 81.2673141, 18.6523105 ], [ 81.2673357, 18.6524506 ], [ 81.2673326, 18.6526725 ], [ 81.2673572, 18.6528213 ], [ 81.2674034, 18.6529323 ], [ 81.2674866, 18.653049 ], [ 81.2675452, 18.6531395 ], [ 81.2675945, 18.6532213 ], [ 81.2676222, 18.6532855 ], [ 81.2676099, 18.6533585 ], [ 81.2674866, 18.6536942 ], [ 81.2674158, 18.6538489 ], [ 81.2673572, 18.6540036 ], [ 81.2673357, 18.654205 ], [ 81.2672987, 18.6544678 ], [ 81.267311, 18.6546371 ], [ 81.2673418, 18.6547743 ], [ 81.2673541, 18.6549845 ], [ 81.2673572, 18.6551071 ], [ 81.2673634, 18.6551713 ] ] } },
{ "type": "Feature", "properties": { "highway": "tertiary" }, "geometry": { "type": "LineString", "coordinates": [ [ 81.2673634, 18.6551713 ], [ 81.2673942, 18.6552238 ], [ 81.2674651, 18.6552735 ], [ 81.2675945, 18.6553289 ], [ 81.267881, 18.6554165 ], [ 81.2682199, 18.6555245 ], [ 81.2684957, 18.6555768 ], [ 81.2688133, 18.6556432 ], [ 81.2690772, 18.6557206 ], [ 81.2693667, 18.6558378 ], [ 81.2696025, 18.6559551 ], [ 81.2698057, 18.6560569 ], [ 81.2700322, 18.6561741 ], [ 81.2702984, 18.6562493 ], [ 81.270749, 18.6563467 ], [ 81.2712254, 18.6564418 ], [ 81.2718955, 18.65659 ], [ 81.2721734, 18.656652 ], [ 81.2723368, 18.656736 ], [ 81.2725119, 18.6568489 ], [ 81.2727081, 18.6570502 ], [ 81.2729789, 18.657309 ], [ 81.2733082, 18.6575524 ], [ 81.2737728, 18.6578842 ], [ 81.2740997, 18.6580524 ], [ 81.2742819, 18.6581254 ], [ 81.2747535, 18.6582227 ], [ 81.2757646, 18.6583643 ], [ 81.2762082, 18.6584329 ], [ 81.276304, 18.6584683 ], [ 81.276381, 18.6585191 ], [ 81.2767219, 18.658809 ], [ 81.2771749, 18.659247 ], [ 81.277315, 18.659435 ], [ 81.2775439, 18.6598222 ], [ 81.2778871, 18.6605279 ], [ 81.2779782, 18.6607602 ], [ 81.2779992, 18.6609018 ], [ 81.2779712, 18.6611119 ], [ 81.277796, 18.6617756 ], [ 81.2776606, 18.662468 ], [ 81.2775649, 18.6630233 ], [ 81.2775135, 18.6633861 ], [ 81.2774972, 18.6636361 ], [ 81.2775018, 18.663917 ], [ 81.2775299, 18.664094 ], [ 81.2775789, 18.6641891 ], [ 81.2777423, 18.6643086 ], [ 81.278625, 18.6649191 ], [ 81.2788258, 18.6651116 ], [ 81.2790593, 18.6653527 ], [ 81.2795006, 18.6657974 ], [ 81.2796851, 18.6659788 ], [ 81.2798719, 18.6661181 ], [ 81.2799583, 18.6661734 ], [ 81.2800867, 18.6662288 ], [ 81.2804042, 18.6662332 ], [ 81.2808526, 18.6662022 ], [ 81.2816138, 18.6661248 ], [ 81.2823073, 18.6660606 ], [ 81.2826575, 18.6660186 ], [ 81.2828957, 18.6660097 ], [ 81.2830848, 18.6660274 ], [ 81.2835051, 18.6661181 ], [ 81.2836686, 18.6662088 ], [ 81.2838554, 18.6663659 ], [ 81.2840188, 18.6665119 ], [ 81.2841099, 18.6665672 ], [ 81.2842476, 18.6665893 ], [ 81.2846329, 18.6665584 ], [ 81.2849902, 18.6665053 ], [ 81.2853288, 18.6664124 ], [ 81.2853801, 18.666388 ] ] } },
{ "type": "Feature", "properties": { "highway": "tertiary" }, "geometry": { "type": "LineString", "coordinates": [ [ 81.2673634, 18.6551713 ], [ 81.2673018, 18.6555245 ], [ 81.267234, 18.6559624 ], [ 81.2671816, 18.6562835 ], [ 81.2671724, 18.6565112 ], [ 81.2671693, 18.6567068 ], [ 81.2671477, 18.6570425 ], [ 81.2671539, 18.6573227 ], [ 81.2671908, 18.65753 ], [ 81.2672401, 18.657638 ], [ 81.2673264, 18.6577577 ], [ 81.2675236, 18.6579474 ], [ 81.2676869, 18.6580583 ], [ 81.2678687, 18.658216 ], [ 81.2680936, 18.6583999 ], [ 81.2682014, 18.6585371 ], [ 81.2683432, 18.6587122 ], [ 81.2684479, 18.658902 ], [ 81.2684448, 18.6590216 ], [ 81.2684202, 18.6591238 ], [ 81.2683432, 18.6593719 ], [ 81.2683185, 18.659442 ], [ 81.2683432, 18.6595646 ], [ 81.2684017, 18.659696 ], [ 81.2684541, 18.659912 ], [ 81.2684695, 18.6600813 ], [ 81.2684294, 18.6602856 ], [ 81.2683863, 18.6604228 ], [ 81.2683278, 18.6605337 ], [ 81.26826, 18.660633 ], [ 81.2681429, 18.660741 ], [ 81.2680012, 18.6608344 ], [ 81.2678718, 18.6609512 ], [ 81.2678255, 18.6610446 ], [ 81.26773, 18.6613044 ], [ 81.2676499, 18.6615233 ], [ 81.2675914, 18.6617335 ], [ 81.2675667, 18.6618677 ], [ 81.2675698, 18.6621334 ], [ 81.2676068, 18.6624807 ], [ 81.2676561, 18.6626676 ], [ 81.2677362, 18.6628894 ], [ 81.2677824, 18.6630529 ], [ 81.2677917, 18.6631696 ], [ 81.2677547, 18.6632893 ], [ 81.2676099, 18.6636571 ], [ 81.2675945, 18.6637184 ], [ 81.2676068, 18.6637826 ], [ 81.2678163, 18.6641271 ], [ 81.2680381, 18.664562 ], [ 81.2681645, 18.6647488 ], [ 81.2683062, 18.6649298 ], [ 81.2684726, 18.6651429 ], [ 81.2685095, 18.6652655 ], [ 81.2685373, 18.6654786 ], [ 81.2685527, 18.6658522 ], [ 81.2685496, 18.6663017 ], [ 81.2685311, 18.6667104 ], [ 81.2685126, 18.6668447 ], [ 81.2684387, 18.6670548 ], [ 81.2682569, 18.667516 ], [ 81.2682014, 18.6676415 ], [ 81.2680813, 18.6680239 ], [ 81.2679888, 18.6682574 ], [ 81.2678841, 18.668453 ], [ 81.2676961, 18.6686573 ], [ 81.2675421, 18.6688179 ], [ 81.2673603, 18.6690602 ], [ 81.2672771, 18.6692353 ], [ 81.2672278, 18.6694133 ], [ 81.2672247, 18.6695593 ], [ 81.2673141, 18.6698045 ], [ 81.267348, 18.6700351 ], [ 81.2673357, 18.6702452 ], [ 81.2672894, 18.6705809 ], [ 81.2672217, 18.6708436 ], [ 81.2672032, 18.6709837 ], [ 81.267234, 18.671188 ], [ 81.2672371, 18.6714157 ], [ 81.2672032, 18.6716288 ], [ 81.2671539, 18.6718156 ], [ 81.2671107, 18.6718973 ], [ 81.2670121, 18.6719586 ], [ 81.2667841, 18.6720579 ], [ 81.2666024, 18.6721396 ], [ 81.2664452, 18.6722622 ], [ 81.2663035, 18.6724402 ], [ 81.2659369, 18.6727993 ], [ 81.2657951, 18.6729832 ], [ 81.265601, 18.673167 ], [ 81.2654131, 18.6733101 ], [ 81.2652529, 18.6734122 ], [ 81.265068, 18.6734502 ], [ 81.2648154, 18.6734502 ], [ 81.2645874, 18.6734035 ], [ 81.2644734, 18.673386 ], [ 81.2643717, 18.6733889 ], [ 81.2641807, 18.6734385 ], [ 81.2639804, 18.6734764 ], [ 81.2636415, 18.6735027 ], [ 81.2633703, 18.6734823 ], [ 81.2631023, 18.6734969 ], [ 81.2627172, 18.6735523 ], [ 81.2625169, 18.6735728 ], [ 81.2621872, 18.6736778 ], [ 81.2619654, 18.6738355 ], [ 81.2616203, 18.6741682 ], [ 81.261189, 18.6746002 ], [ 81.2611119, 18.6746907 ], [ 81.2610472, 18.6748133 ], [ 81.2609856, 18.6749446 ], [ 81.2608562, 18.6751723 ], [ 81.2605265, 18.6756831 ], [ 81.2602462, 18.6761589 ], [ 81.2601198, 18.6763457 ], [ 81.2599966, 18.6765004 ], [ 81.2598302, 18.6766901 ], [ 81.259747, 18.6768302 ], [ 81.2596762, 18.6770053 ], [ 81.2596577, 18.6772184 ], [ 81.2596392, 18.6773877 ], [ 81.2596145, 18.6774898 ], [ 81.2595498, 18.6775365 ], [ 81.2594204, 18.6775861 ], [ 81.259328, 18.6776299 ], [ 81.2592633, 18.6776912 ], [ 81.2591924, 18.6778547 ], [ 81.2591555, 18.6779948 ], [ 81.2591678, 18.6781436 ], [ 81.2591801, 18.6783946 ], [ 81.2592109, 18.6785289 ], [ 81.2592417, 18.6786573 ], [ 81.2592787, 18.6787799 ], [ 81.2593095, 18.6790134 ], [ 81.2593188, 18.6792936 ], [ 81.2593403, 18.6795738 ], [ 81.2594143, 18.6798453 ], [ 81.2594759, 18.6800175 ], [ 81.2594821, 18.680143 ], [ 81.2594482, 18.6803502 ], [ 81.2593896, 18.680575 ], [ 81.2593095, 18.6807296 ], [ 81.2592017, 18.6808873 ], [ 81.2590507, 18.6810682 ], [ 81.2589398, 18.6811791 ], [ 81.2588011, 18.6812521 ], [ 81.2586594, 18.68129 ], [ 81.2584684, 18.6813484 ], [ 81.2583174, 18.6814243 ], [ 81.2582096, 18.6815265 ], [ 81.2578522, 18.6818563 ], [ 81.257692, 18.6820226 ], [ 81.2575472, 18.682189 ], [ 81.2573808, 18.6824517 ], [ 81.2569032, 18.6833981 ], [ 81.2566379, 18.6838772 ], [ 81.2564582, 18.6841424 ], [ 81.2562367, 18.6843775 ], [ 81.2559303, 18.6847511 ], [ 81.25579, 18.6850006 ], [ 81.2555878, 18.6852334 ], [ 81.2554662, 18.6853163 ], [ 81.2552925, 18.6854467 ], [ 81.2551131, 18.6854784 ] ] } },
{ "type": "Feature", "properties": { "highway": "tertiary" }, "geometry": { "type": "LineString", "coordinates": [ [ 81.2613939, 18.6475451 ], [ 81.2612362, 18.6475777 ] ] } },
{ "type": "Feature", "properties": { "highway": "tertiary" }, "geometry": { "type": "LineString", "coordinates": [ [ 81.2612362, 18.6475777 ], [ 81.259511, 18.6479352 ], [ 81.2593248, 18.647925 ], [ 81.2583437, 18.6475405 ], [ 81.2572666, 18.6469534 ], [ 81.2561918, 18.6457349 ], [ 81.2555971, 18.6454284 ], [ 81.2552188, 18.6452227 ], [ 81.2550233, 18.6448847 ], [ 81.2549544, 18.6448588 ] ] } },
{ "type": "Feature", "properties": { "highway": "service" }, "geometry": { "type": "LineString", "coordinates": [ [ 81.2381492, 18.6967179 ], [ 81.23818, 18.6965007 ], [ 81.2382417, 18.6963063 ], [ 81.2383611, 18.696131 ], [ 81.2384227, 18.6959989 ], [ 81.2385676, 18.6957512 ], [ 81.2386816, 18.6955174 ], [ 81.2389055, 18.6954094 ] ] } },
{ "type": "Feature", "properties": { "highway": "service" }, "geometry": { "type": "LineString", "coordinates": [ [ 81.2385381, 18.694787 ], [ 81.2385931, 18.6950906 ], [ 81.2385944, 18.6951973 ], [ 81.2385609, 18.6952811 ], [ 81.2382497, 18.6954971 ], [ 81.2380982, 18.6955987 ], [ 81.2380647, 18.6957448 ], [ 81.2379332, 18.6960281 ], [ 81.2377455, 18.6963762 ], [ 81.2377509, 18.6964765 ], [ 81.237834, 18.6965413 ], [ 81.2380482, 18.696661 ], [ 81.2381492, 18.6967179 ], [ 81.2381626, 18.6968513 ], [ 81.2381813, 18.6970418 ], [ 81.2383745, 18.6970977 ], [ 81.2384523, 18.6971003 ], [ 81.238636, 18.6970964 ], [ 81.2386869, 18.6969885 ], [ 81.2387057, 18.6968741 ], [ 81.2388599, 18.6967903 ], [ 81.2390692, 18.6966849 ], [ 81.2391376, 18.6965616 ], [ 81.2392609, 18.6965477 ], [ 81.2394581, 18.6965578 ] ] } },
{ "type": "Feature", "properties": { "highway": "residential" }, "geometry": { "type": "LineString", "coordinates": [ [ 81.2619907, 18.6389562 ], [ 81.2629616, 18.6429209 ], [ 81.2641364, 18.6426566 ], [ 81.2647602, 18.6425332 ] ] } },
{ "type": "Feature", "properties": { "highway": "residential" }, "geometry": { "type": "LineString", "coordinates": [ [ 81.2600058, 18.6386766 ], [ 81.2611377, 18.6384021 ], [ 81.2611806, 18.6385394 ], [ 81.2619907, 18.6389562 ], [ 81.2641121, 18.6397979 ] ] } },
{ "type": "Feature", "properties": { "highway": "path" }, "geometry": { "type": "LineString", "coordinates": [ [ 81.259492, 18.6381574 ], [ 81.2593997, 18.6377833 ], [ 81.2593665, 18.6377566 ], [ 81.2593286, 18.6377108 ], [ 81.2592602, 18.6376702 ], [ 81.2591998, 18.6375774 ], [ 81.2591194, 18.637491 ], [ 81.2590295, 18.6373728 ], [ 81.2589437, 18.6372101 ], [ 81.2588605, 18.6368442 ], [ 81.2588444, 18.6367298 ], [ 81.2587801, 18.6364807 ], [ 81.2587586, 18.6363562 ], [ 81.2587237, 18.636224 ], [ 81.2587405, 18.6361126 ], [ 81.2587237, 18.6359317 ], [ 81.2587023, 18.6358428 ], [ 81.2585306, 18.6352938 ], [ 81.2584823, 18.6351947 ], [ 81.2584582, 18.6351286 ], [ 81.2584475, 18.6350295 ], [ 81.258426, 18.6349431 ], [ 81.2583214, 18.6347652 ], [ 81.2582383, 18.6345008 ], [ 81.2582275, 18.6344475 ], [ 81.2582597, 18.6342467 ], [ 81.2582597, 18.6342162 ], [ 81.2582302, 18.6341323 ] ] } },
{ "type": "Feature", "properties": { "highway": "track" }, "geometry": { "type": "LineString", "coordinates": [ [ 81.2268696, 18.6823983 ], [ 81.2269149, 18.6825971 ], [ 81.2269159, 18.6826825 ], [ 81.2268613, 18.6828317 ], [ 81.2268211, 18.6829498 ], [ 81.2267255, 18.6831333 ], [ 81.226637, 18.6832758 ], [ 81.2265496, 18.6833604 ], [ 81.2263823, 18.6836883 ], [ 81.2262439, 18.6839493 ], [ 81.2261677, 18.6840896 ], [ 81.2261014, 18.6841791 ], [ 81.2260491, 18.6842775 ], [ 81.2260368, 18.6843687 ], [ 81.2260086, 18.684446 ], [ 81.2259599, 18.6845044 ], [ 81.2259216, 18.684589 ], [ 81.225907, 18.684653 ], [ 81.2259099, 18.6847336 ], [ 81.2259231, 18.6848253 ], [ 81.2259524, 18.6849265 ], [ 81.2259894, 18.6850422 ], [ 81.226024, 18.6851787 ], [ 81.2260463, 18.6852649 ], [ 81.2260704, 18.6853355 ], [ 81.2261285, 18.6854297 ], [ 81.2261702, 18.6854898 ], [ 81.2262653, 18.6856171 ], [ 81.226324, 18.6856883 ], [ 81.2263927, 18.6857656 ], [ 81.2264372, 18.6858903 ], [ 81.2264601, 18.6859843 ], [ 81.2264736, 18.6860761 ], [ 81.2265017, 18.6862361 ], [ 81.2265064, 18.6863556 ], [ 81.2265275, 18.6864668 ], [ 81.2265363, 18.6865452 ], [ 81.2265494, 18.6866619 ], [ 81.226472, 18.6871178 ], [ 81.2263911, 18.687691 ], [ 81.2263689, 18.6878973 ], [ 81.2263595, 18.688043 ], [ 81.2263395, 18.6881674 ], [ 81.2263513, 18.6883148 ], [ 81.2263624, 18.6884121 ], [ 81.2263771, 18.6885083 ], [ 81.2263725, 18.6886008 ], [ 81.2263531, 18.6887643 ], [ 81.2263343, 18.6888722 ], [ 81.2263137, 18.6889775 ], [ 81.2262791, 18.6890854 ], [ 81.2262427, 18.6891541 ], [ 81.2261904, 18.6892175 ], [ 81.2261394, 18.6892575 ], [ 81.2260871, 18.6893038 ], [ 81.2256369, 18.6894098 ], [ 81.225533, 18.6894486 ], [ 81.2253985, 18.6894885 ], [ 81.2253117, 18.6895397 ], [ 81.2252312, 18.6896053 ], [ 81.2251584, 18.6896993 ], [ 81.2251224, 18.6897541 ], [ 81.2250302, 18.6897669 ], [ 81.2250097, 18.6898275 ], [ 81.2249715, 18.6898748 ], [ 81.2249176, 18.6899252 ], [ 81.2248818, 18.689963 ], [ 81.2249067, 18.6901754 ], [ 81.2249079, 18.6902666 ], [ 81.2249161, 18.6903815 ], [ 81.224902, 18.6904982 ], [ 81.2248973, 18.690585 ], [ 81.2248949, 18.6906756 ], [ 81.2248908, 18.6907562 ], [ 81.2249348, 18.6908746 ], [ 81.2249794, 18.690948 ], [ 81.2250211, 18.6910403 ], [ 81.2250837, 18.6912423 ], [ 81.225123, 18.6913613 ], [ 81.2252113, 18.6914658 ], [ 81.2252664, 18.6915586 ], [ 81.2253615, 18.6916726 ], [ 81.2254573, 18.6917972 ], [ 81.225543, 18.6918851 ], [ 81.22566, 18.6920068 ], [ 81.2257022, 18.6920808 ], [ 81.225775, 18.6921359 ], [ 81.225993, 18.6921842 ], [ 81.2261345, 18.6921992 ], [ 81.2262874, 18.6922433 ], [ 81.2263866, 18.6922676 ], [ 81.2264864, 18.6922799 ], [ 81.2266039, 18.6922791 ], [ 81.2267618, 18.6922864 ], [ 81.2268417, 18.6923069 ], [ 81.2269162, 18.6923464 ], [ 81.2269855, 18.6924081 ], [ 81.2270471, 18.6924748 ], [ 81.2270987, 18.6925585 ], [ 81.2271503, 18.6926731 ], [ 81.2272049, 18.6927782 ], [ 81.2272278, 18.6928683 ], [ 81.2272828, 18.6931027 ], [ 81.2273344, 18.6933323 ], [ 81.2273837, 18.6934819 ], [ 81.2274219, 18.6936293 ], [ 81.2274684, 18.6937764 ], [ 81.2274837, 18.6939021 ], [ 81.2275072, 18.6940344 ], [ 81.2275003, 18.6942143 ], [ 81.2274727, 18.6943695 ], [ 81.227438, 18.6945164 ], [ 81.2274057, 18.694666 ], [ 81.2273499, 18.6948227 ], [ 81.2272771, 18.6949334 ], [ 81.2271955, 18.6950218 ], [ 81.2270608, 18.6951583 ], [ 81.2269838, 18.6952211 ], [ 81.2268853, 18.6952962 ], [ 81.226819, 18.6953829 ], [ 81.2267697, 18.695477 ], [ 81.2267339, 18.6955524 ], [ 81.2267257, 18.6956425 ], [ 81.2267345, 18.695747 ], [ 81.226738, 18.6958254 ], [ 81.2267867, 18.6959083 ], [ 81.226832, 18.6959997 ], [ 81.2268972, 18.6960731 ], [ 81.2269676, 18.6961337 ], [ 81.2270592, 18.6962079 ], [ 81.2271091, 18.6963135 ], [ 81.2271825, 18.696434 ], [ 81.2272336, 18.6965074 ], [ 81.22728, 18.6965919 ], [ 81.227317, 18.6966787 ], [ 81.227344, 18.6968124 ], [ 81.2274045, 18.6969136 ], [ 81.2274661, 18.6970081 ], [ 81.2275413, 18.6970793 ], [ 81.2276517, 18.6971289 ], [ 81.2277086, 18.6971612 ], [ 81.2277492, 18.697229 ], [ 81.2277908, 18.6973018 ], [ 81.2278266, 18.697373 ], [ 81.2278878, 18.6974426 ], [ 81.2279489, 18.6975055 ], [ 81.2279891, 18.6975593 ], [ 81.2281352, 18.6977794 ], [ 81.2283005, 18.6980357 ], [ 81.2283723, 18.6981296 ], [ 81.2284425, 18.6982339 ], [ 81.2285062, 18.6983166 ], [ 81.2285778, 18.6983904 ], [ 81.2287138, 18.6984495 ], [ 81.2288099, 18.6985031 ], [ 81.2289629, 18.6985768 ], [ 81.2291665, 18.6987079 ], [ 81.2293303, 18.6988464 ], [ 81.2294965, 18.6989616 ], [ 81.2296363, 18.6990647 ], [ 81.2297934, 18.699176 ], [ 81.2298242, 18.6992563 ], [ 81.2298982, 18.6993523 ], [ 81.2299845, 18.6994363 ], [ 81.230017, 18.6995174 ], [ 81.2300283, 18.6996054 ], [ 81.2300353, 18.6998358 ], [ 81.2300337, 18.6999174 ], [ 81.230017, 18.6999951 ], [ 81.2299726, 18.7000867 ], [ 81.2299236, 18.7001505 ], [ 81.2298535, 18.7002206 ], [ 81.2297767, 18.7002666 ], [ 81.2296832, 18.7003221 ], [ 81.229628, 18.7003725 ], [ 81.2295584, 18.7004526 ], [ 81.2295201, 18.7005238 ], [ 81.2294711, 18.7006045 ], [ 81.2294445, 18.7006728 ], [ 81.2294276, 18.7007513 ], [ 81.2294148, 18.700807 ], [ 81.2294373, 18.7008864 ], [ 81.229448, 18.7009455 ], [ 81.2294951, 18.701009 ], [ 81.2296685, 18.7012891 ], [ 81.2299294, 18.7017125 ], [ 81.2300228, 18.7018357 ], [ 81.2300402, 18.7019016 ], [ 81.2300695, 18.7020101 ], [ 81.2300818, 18.7020939 ], [ 81.2300925, 18.7022136 ], [ 81.2301112, 18.7023027 ], [ 81.2301984, 18.7023833 ], [ 81.2302991, 18.7024694 ], [ 81.2303152, 18.7025333 ], [ 81.2304066, 18.7026221 ], [ 81.2304564, 18.7026959 ], [ 81.2305462, 18.7028673 ], [ 81.2305768, 18.7029794 ], [ 81.2306329, 18.7030508 ], [ 81.230732, 18.7032385 ], [ 81.2307611, 18.7033074 ], [ 81.2307755, 18.7033947 ], [ 81.2307703, 18.7034788 ], [ 81.2307526, 18.7035475 ], [ 81.2307178, 18.7036139 ], [ 81.230672, 18.7036992 ], [ 81.230605, 18.7037479 ], [ 81.2305001, 18.7038061 ], [ 81.2303138, 18.7038691 ], [ 81.2300931, 18.7039297 ], [ 81.2300105, 18.7039511 ], [ 81.2298727, 18.7039855 ], [ 81.2298189, 18.7040386 ], [ 81.2298272, 18.7040869 ], [ 81.2298885, 18.7041093 ], [ 81.229952, 18.7041005 ], [ 81.2301784, 18.7040515 ], [ 81.2303799, 18.7039977 ], [ 81.2306989, 18.7040034 ], [ 81.2307799, 18.7039496 ], [ 81.230862, 18.7038692 ], [ 81.2309997, 18.7037393 ], [ 81.2310791, 18.7036392 ], [ 81.2311383, 18.7034665 ], [ 81.231155, 18.7033694 ], [ 81.2311477, 18.7032177 ], [ 81.2311201, 18.703052 ], [ 81.2311012, 18.7029461 ], [ 81.2310505, 18.7028155 ], [ 81.2309972, 18.7026812 ], [ 81.2309509, 18.7025544 ], [ 81.2308592, 18.7023943 ], [ 81.2307877, 18.7022806 ], [ 81.2307266, 18.7021931 ], [ 81.2306817, 18.7021487 ], [ 81.2306486, 18.7020822 ], [ 81.2306614, 18.7019689 ], [ 81.230692, 18.7018673 ], [ 81.2306991, 18.7017884 ], [ 81.2306725, 18.7016615 ], [ 81.230634, 18.7015349 ], [ 81.2305944, 18.7014542 ], [ 81.2305455, 18.7013454 ], [ 81.2304882, 18.7012155 ], [ 81.2304629, 18.701115 ], [ 81.2304603, 18.7010467 ], [ 81.2304686, 18.7009565 ], [ 81.2304887, 18.7008702 ], [ 81.2305633, 18.7008255 ], [ 81.2306699, 18.700804 ], [ 81.2308084, 18.7008034 ], [ 81.2310158, 18.700851 ], [ 81.231162, 18.7008908 ], [ 81.2311915, 18.7009414 ], [ 81.2312149, 18.7010123 ], [ 81.2312642, 18.7010821 ], [ 81.2313172, 18.7011456 ], [ 81.2313658, 18.7011422 ], [ 81.2314598, 18.7010435 ], [ 81.2315939, 18.7010102 ], [ 81.2317428, 18.7009608 ], [ 81.2318296, 18.7008769 ], [ 81.2318827, 18.7007852 ], [ 81.2319668, 18.7006334 ], [ 81.2320474, 18.7005341 ], [ 81.2321668, 18.7003958 ], [ 81.2322283, 18.7002948 ], [ 81.2322998, 18.7001863 ], [ 81.2323427, 18.7001024 ], [ 81.2325249, 18.7001113 ], [ 81.2326439, 18.7001289 ], [ 81.2327598, 18.7001441 ], [ 81.2328129, 18.7002189 ], [ 81.2328817, 18.7002953 ], [ 81.2329367, 18.7003079 ], [ 81.232983, 18.7002689 ], [ 81.2330208, 18.7002106 ], [ 81.2330394, 18.7001471 ], [ 81.2330462, 18.7000936 ], [ 81.2330349, 18.7000242 ], [ 81.2329965, 18.6999617 ], [ 81.2329481, 18.6999016 ], [ 81.2327792, 18.6998048 ], [ 81.2326676, 18.6997368 ], [ 81.2324791, 18.6996703 ], [ 81.2323973, 18.6996358 ], [ 81.2323472, 18.6995301 ], [ 81.2323174, 18.6994394 ], [ 81.2323174, 18.6993704 ], [ 81.2322322, 18.6993188 ], [ 81.2321401, 18.6992963 ], [ 81.2320522, 18.6992247 ], [ 81.2320127, 18.6991457 ], [ 81.2319908, 18.6990425 ], [ 81.2320233, 18.698946 ], [ 81.2321015, 18.6988601 ], [ 81.2321981, 18.6987819 ], [ 81.2322596, 18.6986912 ], [ 81.2323096, 18.6986142 ], [ 81.2323693, 18.6985585 ], [ 81.2324378, 18.6984894 ], [ 81.2324748, 18.6983769 ], [ 81.2325038, 18.6982746 ], [ 81.2325999, 18.698132 ] ] } },
{ "type": "Feature", "properties": { "highway": "unclassified" }, "geometry": { "type": "LineString", "coordinates": [ [ 81.2484468, 18.6979197 ], [ 81.2484732, 18.6979706 ], [ 81.2484984, 18.6980671 ], [ 81.248518, 18.6981614 ], [ 81.2485304, 18.6982712 ], [ 81.2485364, 18.6983246 ], [ 81.2485476, 18.6984977 ], [ 81.2485549, 18.6987466 ], [ 81.2485669, 18.69897 ], [ 81.2485716, 18.6992037 ], [ 81.2485786, 18.6993511 ], [ 81.2485953, 18.6997 ], [ 81.2486229, 18.7000626 ], [ 81.2486378, 18.7004646 ], [ 81.2486452, 18.7006624 ], [ 81.2486407, 18.7009553 ], [ 81.2486404, 18.7010803 ], [ 81.2486444, 18.7011952 ], [ 81.248679, 18.7013125 ], [ 81.2487162, 18.701404 ], [ 81.2487447, 18.7015431 ], [ 81.2487527, 18.7016779 ], [ 81.2487582, 18.701945 ] ] } },
{ "type": "Feature", "properties": { "highway": "unclassified" }, "geometry": { "type": "LineString", "coordinates": [ [ 81.2483549, 18.6977204 ], [ 81.2483698, 18.6977155 ], [ 81.2483906, 18.6977121 ], [ 81.2484099, 18.6977122 ], [ 81.2484276, 18.697715 ], [ 81.2484462, 18.697721 ], [ 81.2484642, 18.6977305 ], [ 81.2484826, 18.6977452 ], [ 81.2484941, 18.6977584 ], [ 81.2485026, 18.6977722 ], [ 81.2485095, 18.6977885 ], [ 81.2485142, 18.6978121 ], [ 81.2485132, 18.6978373 ], [ 81.248505, 18.697864 ], [ 81.2484949, 18.6978813 ], [ 81.2484836, 18.6978948 ], [ 81.2484682, 18.6979078 ], [ 81.2484468, 18.6979197 ], [ 81.2484234, 18.6979269 ], [ 81.2484021, 18.6979292 ], [ 81.2483827, 18.6979281 ], [ 81.2483647, 18.6979241 ], [ 81.248347, 18.6979171 ], [ 81.2483293, 18.6979064 ], [ 81.248312, 18.6978906 ], [ 81.2483012, 18.6978764 ], [ 81.2482936, 18.697862 ], [ 81.248288, 18.6978456 ], [ 81.2482849, 18.6978217 ], [ 81.2482877, 18.6977967 ], [ 81.2482954, 18.6977753 ], [ 81.2483089, 18.697754 ], [ 81.2483212, 18.6977411 ], [ 81.2483373, 18.6977292 ], [ 81.2483549, 18.6977204 ] ] } },
{ "type": "Feature", "properties": { "highway": "residential" }, "geometry": { "type": "LineString", "coordinates": [ [ 81.2430621, 18.6924293 ], [ 81.243193, 18.6923611 ], [ 81.2432971, 18.6923479 ], [ 81.2434064, 18.6923665 ], [ 81.2435461, 18.6924017 ], [ 81.2437317, 18.6924873 ], [ 81.2438225, 18.6925994 ], [ 81.2438878, 18.6927433 ], [ 81.2439653, 18.6929852 ], [ 81.2440567, 18.6931875 ], [ 81.2440952, 18.6933502 ], [ 81.2442622, 18.693689 ], [ 81.244395, 18.6940108 ], [ 81.2444642, 18.6941865 ], [ 81.2445115, 18.6943551 ], [ 81.2445626, 18.6946993 ], [ 81.2446071, 18.6949715 ], [ 81.2446363, 18.6951283 ], [ 81.2446722, 18.6953477 ], [ 81.2446988, 18.6955544 ], [ 81.2447379, 18.6956753 ], [ 81.2447861, 18.6957993 ], [ 81.2449225, 18.696037 ], [ 81.2450148, 18.6961944 ], [ 81.2451354, 18.6963631 ], [ 81.2452981, 18.6965054 ], [ 81.245502, 18.6965901 ], [ 81.2458288, 18.6966634 ], [ 81.2461433, 18.6967283 ], [ 81.2464946, 18.6968557 ], [ 81.2473586, 18.6970828 ], [ 81.2475942, 18.6972067 ], [ 81.2478183, 18.6973286 ], [ 81.2481709, 18.6976427 ], [ 81.2482484, 18.6977078 ], [ 81.2483089, 18.697754 ] ] } },
{ "type": "Feature", "properties": { "highway": "residential" }, "geometry": { "type": "LineString", "coordinates": [ [ 81.2475942, 18.6972067 ], [ 81.2477604, 18.697393 ], [ 81.2481127, 18.6976996 ], [ 81.2481942, 18.6977776 ], [ 81.2482849, 18.6978217 ] ] } },
{ "type": "Feature", "properties": { "highway": "residential" }, "geometry": { "type": "LineString", "coordinates": [ [ 81.2485542, 18.6938562 ], [ 81.2485763, 18.6939475 ], [ 81.2486045, 18.6940159 ], [ 81.2486865, 18.694118 ], [ 81.2487791, 18.6942208 ], [ 81.2489194, 18.6944447 ], [ 81.2489328, 18.6945161 ], [ 81.2489403, 18.6947122 ], [ 81.2489646, 18.6948829 ], [ 81.2489928, 18.695045 ], [ 81.2489958, 18.6951255 ], [ 81.2489946, 18.6952173 ], [ 81.2489801, 18.6953378 ], [ 81.2489815, 18.6956501 ], [ 81.2489839, 18.696214 ], [ 81.2489822, 18.6964419 ] ] } },
{ "type": "Feature", "properties": { "highway": "residential" }, "geometry": { "type": "LineString", "coordinates": [ [ 81.2485786, 18.6993511 ], [ 81.2491857, 18.6993552 ], [ 81.2494664, 18.6993497 ], [ 81.2495211, 18.6993484 ], [ 81.2499842, 18.6993376 ], [ 81.2503834, 18.6993297 ], [ 81.2508052, 18.6993263 ], [ 81.2509104, 18.6993255 ], [ 81.2510499, 18.6993226 ], [ 81.2511903, 18.6993117 ], [ 81.2513701, 18.6992374 ], [ 81.2514423, 18.6991145 ], [ 81.2514331, 18.6989914 ], [ 81.2514016, 18.6983752 ], [ 81.2514002, 18.6983312 ], [ 81.2513773, 18.6976107 ], [ 81.2513594, 18.6974929 ], [ 81.2513339, 18.6974608 ], [ 81.2512996, 18.6974177 ], [ 81.2512812, 18.6973272 ], [ 81.2512858, 18.6964883 ], [ 81.2513271, 18.6952445 ], [ 81.2513239, 18.695161 ], [ 81.2512831, 18.6951082 ], [ 81.2512154, 18.6950788 ], [ 81.2511343, 18.6950713 ], [ 81.2510605, 18.6950688 ], [ 81.2509835, 18.6950836 ], [ 81.2509278, 18.6951087 ], [ 81.250887, 18.6951675 ], [ 81.2508774, 18.695708 ], [ 81.2508637, 18.696486 ], [ 81.2508457, 18.6968897 ], [ 81.2508354, 18.697657 ], [ 81.2508211, 18.6980808 ], [ 81.2508148, 18.6982908 ], [ 81.2508097, 18.6985906 ], [ 81.2508052, 18.6993263 ] ] } },
{ "type": "Feature", "properties": { "highway": "residential" }, "geometry": { "type": "LineString", "coordinates": [ [ 81.2513701, 18.6992374 ], [ 81.2514138, 18.6993536 ], [ 81.2514564, 18.6994333 ], [ 81.2514558, 18.6995412 ], [ 81.251455, 18.6997437 ], [ 81.2514662, 18.7000653 ], [ 81.2514719, 18.7008693 ], [ 81.2515048, 18.7019657 ] ] } },
{ "type": "Feature", "properties": { "highway": "residential" }, "geometry": { "type": "LineString", "coordinates": [ [ 81.2489822, 18.6964419 ], [ 81.2495047, 18.6964679 ], [ 81.2501458, 18.6964879 ], [ 81.2506525, 18.6964893 ], [ 81.2508637, 18.696486 ] ] } },
{ "type": "Feature", "properties": { "highway": "residential" }, "geometry": { "type": "LineString", "coordinates": [ [ 81.2526919, 18.6900459 ], [ 81.2523597, 18.69004 ], [ 81.2519589, 18.6900136 ], [ 81.2516125, 18.6899751 ], [ 81.2510654, 18.6899499 ], [ 81.2507556, 18.6898826 ], [ 81.250423, 18.6898992 ], [ 81.2502081, 18.6899109 ], [ 81.2500713, 18.6899333 ], [ 81.2498912, 18.6899872 ], [ 81.2496046, 18.6900838 ], [ 81.2495333, 18.6901465 ], [ 81.2494947, 18.6902117 ], [ 81.249467, 18.6902841 ], [ 81.2494552, 18.6903109 ], [ 81.2494323, 18.6903627 ], [ 81.2492814, 18.6909462 ], [ 81.2490924, 18.6916462 ], [ 81.248954, 18.6921391 ], [ 81.2488071, 18.6927608 ], [ 81.2487022, 18.6931233 ], [ 81.2486935, 18.6932571 ], [ 81.2486389, 18.6933304 ], [ 81.2485678, 18.693404 ], [ 81.2485292, 18.6934878 ], [ 81.2485406, 18.6936424 ] ] } },
{ "type": "Feature", "properties": { "highway": "residential" }, "geometry": { "type": "LineString", "coordinates": [ [ 81.2485304, 18.6982712 ], [ 81.2486802, 18.6982307 ], [ 81.2489037, 18.6981889 ], [ 81.2490236, 18.6981304 ], [ 81.2491603, 18.697992 ], [ 81.2493036, 18.6979058 ], [ 81.2494563, 18.6978481 ], [ 81.2494866, 18.6975338 ], [ 81.2502299, 18.6975448 ], [ 81.2502455, 18.6976376 ], [ 81.2502699, 18.6976947 ], [ 81.2503517, 18.6977194 ], [ 81.2503528, 18.6982713 ], [ 81.2505982, 18.6982767 ], [ 81.2508148, 18.6982908 ], [ 81.2514002, 18.6983312 ] ] } },
{ "type": "Feature", "properties": { "highway": "residential" }, "geometry": { "type": "LineString", "coordinates": [ [ 81.2527121, 18.6924077 ], [ 81.2523424, 18.6924748 ], [ 81.2518193, 18.6924983 ], [ 81.2514279, 18.6925427 ], [ 81.2510775, 18.6926485 ], [ 81.2507192, 18.6927007 ], [ 81.2505378, 18.6927451 ], [ 81.2503198, 18.6927421 ], [ 81.2501775, 18.6927627 ], [ 81.2500577, 18.6927882 ], [ 81.2499437, 18.692824 ], [ 81.2497363, 18.6929166 ], [ 81.2494074, 18.69304 ], [ 81.2490595, 18.693225 ], [ 81.2488923, 18.6932936 ], [ 81.2486935, 18.6932571 ] ] } },
{ "type": "Feature", "properties": { "highway": "residential" }, "geometry": { "type": "LineString", "coordinates": [ [ 81.2494866, 18.6975338 ], [ 81.2494577, 18.6972334 ], [ 81.2494877, 18.6968714 ], [ 81.2495125, 18.6968547 ], [ 81.2501198, 18.696896 ], [ 81.2506319, 18.6968882 ], [ 81.2508457, 18.6968897 ] ] } },
{ "type": "Feature", "properties": { "highway": "residential" }, "geometry": { "type": "LineString", "coordinates": [ [ 81.2508774, 18.695708 ], [ 81.2494875, 18.6956677 ], [ 81.2494341, 18.6956662 ], [ 81.2489815, 18.6956501 ] ] } },
{ "type": "Feature", "properties": { "highway": "residential" }, "geometry": { "type": "LineString", "coordinates": [ [ 81.2513339, 18.6974608 ], [ 81.2515193, 18.6974382 ], [ 81.2518929, 18.6974277 ], [ 81.2519569, 18.6982877 ], [ 81.2519014, 18.6983181 ], [ 81.2517738, 18.6983468 ], [ 81.2516944, 18.6983478 ], [ 81.2514016, 18.6983752 ] ] } },
{ "type": "Feature", "properties": { "highway": "residential" }, "geometry": { "type": "LineString", "coordinates": [ [ 81.2514564, 18.6994333 ], [ 81.2515335, 18.6992837 ], [ 81.2515184, 18.6992399 ], [ 81.2514423, 18.6991145 ] ] } },
{ "type": "Feature", "properties": { "highway": "unclassified" }, "geometry": { "type": "LineString", "coordinates": [ [ 81.2611377, 18.6384021 ], [ 81.2606388, 18.6367857 ], [ 81.2602633, 18.6353421 ], [ 81.2602043, 18.6351083 ], [ 81.2600809, 18.6347931 ], [ 81.2600219, 18.6346711 ], [ 81.2599522, 18.6346305 ], [ 81.2597912, 18.6346305 ], [ 81.2596357, 18.6346 ], [ 81.2594426, 18.6345542 ], [ 81.2593299, 18.6345085 ], [ 81.2592655, 18.6344119 ], [ 81.2592119, 18.6342746 ], [ 81.2591422, 18.63399 ], [ 81.2589812, 18.633441 ], [ 81.2604457, 18.6330791 ], [ 81.2605342, 18.6330572 ], [ 81.2611967, 18.632892 ], [ 81.2619853, 18.6327192 ], [ 81.2630206, 18.6324396 ], [ 81.2641472, 18.6330445 ], [ 81.2650967, 18.6331004 ], [ 81.266073, 18.6329682 ], [ 81.2667918, 18.6322413 ], [ 81.2669715, 18.6323938 ], [ 81.2675402, 18.6324701 ], [ 81.2679103, 18.6324701 ], [ 81.2684414, 18.6325667 ], [ 81.2688625, 18.6325667 ], [ 81.2694606, 18.6325133 ], [ 81.2704021, 18.6324904 ], [ 81.271019, 18.6324548 ], [ 81.271483, 18.6322007 ], [ 81.2723386, 18.6316466 ], [ 81.2728751, 18.6312679 ], [ 81.2730145, 18.6312018 ], [ 81.2734437, 18.6312577 ], [ 81.2738004, 18.6313467 ], [ 81.274133, 18.6314687 ], [ 81.2743181, 18.6315449 ], [ 81.2744227, 18.6315932 ], [ 81.2745836, 18.6317762 ], [ 81.2748696, 18.6320883 ] ] } },
{ "type": "Feature", "properties": { "highway": "residential" }, "geometry": { "type": "LineString", "coordinates": [ [ 81.2526089, 18.6971366 ], [ 81.2528818, 18.6970873 ], [ 81.2529735, 18.6974185 ], [ 81.2530342, 18.6976897 ], [ 81.2530747, 18.6979222 ], [ 81.2531341, 18.6982391 ] ] } },
{ "type": "Feature", "properties": { "highway": "residential" }, "geometry": { "type": "LineString", "coordinates": [ [ 81.2528818, 18.6970873 ], [ 81.2529344, 18.6970699 ], [ 81.252979, 18.6970523 ], [ 81.2529958, 18.6970256 ], [ 81.2529714, 18.696946 ], [ 81.2529685, 18.696889 ], [ 81.2529462, 18.6968161 ], [ 81.2529478, 18.6967448 ], [ 81.2529423, 18.6966978 ], [ 81.2529276, 18.6966444 ], [ 81.2529263, 18.6965623 ], [ 81.2528686, 18.6962565 ] ] } },
{ "type": "Feature", "properties": { "highway": "residential" }, "geometry": { "type": "LineString", "coordinates": [ [ 81.2521211, 18.697266 ], [ 81.252323, 18.6972208 ], [ 81.2524402, 18.6972014 ], [ 81.2525746, 18.6971711 ], [ 81.2526089, 18.6971366 ], [ 81.2526218, 18.6970847 ], [ 81.2526137, 18.6970274 ], [ 81.2525522, 18.6967285 ], [ 81.2525447, 18.6965617 ], [ 81.2525262, 18.6964402 ] ] } },
{ "type": "Feature", "properties": { "highway": "residential" }, "geometry": { "type": "LineString", "coordinates": [ [ 81.2501436, 18.7004431 ], [ 81.2505122, 18.7004313 ], [ 81.2508166, 18.7004144 ], [ 81.2508075, 18.7001043 ], [ 81.2507968, 18.6996051 ], [ 81.2508052, 18.6993263 ] ] } },
{ "type": "Feature", "properties": { "highway": "residential" }, "geometry": { "type": "LineString", "coordinates": [ [ 81.2485953, 18.6997 ], [ 81.2484638, 18.6997021 ], [ 81.2484412, 18.6997005 ], [ 81.2484281, 18.6996974 ], [ 81.2484113, 18.6996919 ], [ 81.2483961, 18.6996736 ], [ 81.2483903, 18.6995743 ], [ 81.2483851, 18.6994564 ], [ 81.2483778, 18.6993118 ], [ 81.2483612, 18.699191 ], [ 81.2483426, 18.6989494 ], [ 81.2483267, 18.6988346 ], [ 81.2483181, 18.6987241 ], [ 81.2483107, 18.6986371 ], [ 81.2483062, 18.6985744 ], [ 81.2482948, 18.698518 ], [ 81.2482796, 18.6984649 ], [ 81.2482536, 18.6984024 ], [ 81.2482093, 18.6983222 ], [ 81.2481675, 18.6982597 ], [ 81.2481389, 18.6982256 ] ] } },
{ "type": "Feature", "properties": { "highway": "residential" }, "geometry": { "type": "LineString", "coordinates": [ [ 81.2481389, 18.6982256 ], [ 81.2480428, 18.6982034 ], [ 81.2479834, 18.6981528 ], [ 81.2479326, 18.6980936 ], [ 81.2478838, 18.6980302 ], [ 81.2478351, 18.6979669 ], [ 81.2477828, 18.6978274 ], [ 81.2477563, 18.6977177 ], [ 81.2477415, 18.6976375 ], [ 81.2477474, 18.6974925 ], [ 81.2477604, 18.697393 ] ] } },
{ "type": "Feature", "properties": { "highway": "residential" }, "geometry": { "type": "LineString", "coordinates": [ [ 81.2481389, 18.6982256 ], [ 81.2481591, 18.6981689 ], [ 81.2481566, 18.6981139 ], [ 81.2481378, 18.6980593 ], [ 81.2480957, 18.6979337 ], [ 81.2480802, 18.6978901 ], [ 81.2480761, 18.6978407 ], [ 81.2480806, 18.6977994 ], [ 81.24809, 18.6977559 ], [ 81.2481127, 18.6976996 ] ] } },
{ "type": "Feature", "properties": { "highway": "residential" }, "geometry": { "type": "LineString", "coordinates": [ [ 81.2478838, 18.6980302 ], [ 81.2477848, 18.6981332 ], [ 81.2475833, 18.6987373 ], [ 81.2475756, 18.6987892 ], [ 81.247655, 18.6996227 ] ] } },
{ "type": "Feature", "properties": { "highway": "service" }, "geometry": { "type": "LineString", "coordinates": [ [ 81.2471051, 18.6996587 ], [ 81.2470136, 18.6994654 ], [ 81.2469742, 18.6993656 ], [ 81.2468902, 18.6990905 ], [ 81.2467354, 18.69883 ], [ 81.2466551, 18.6986755 ], [ 81.2465917, 18.6985207 ], [ 81.246555, 18.6984695 ], [ 81.2464939, 18.6984553 ], [ 81.246462, 18.698465 ], [ 81.246421, 18.6985076 ], [ 81.2464173, 18.6985411 ], [ 81.2464278, 18.6985721 ], [ 81.2464561, 18.6986222 ], [ 81.2465137, 18.6987048 ], [ 81.2465334, 18.6987634 ], [ 81.2465437, 18.6990476 ], [ 81.2465294, 18.6990857 ], [ 81.2465073, 18.6991379 ], [ 81.246486, 18.6991761 ], [ 81.2463449, 18.6994797 ], [ 81.2463324, 18.6995298 ], [ 81.2463206, 18.6999406 ], [ 81.2463096, 18.7000662 ], [ 81.2462831, 18.7003195 ], [ 81.2462558, 18.7004694 ], [ 81.2462325, 18.7005745 ], [ 81.2462035, 18.7006474 ], [ 81.2461693, 18.7007064 ], [ 81.2461247, 18.7007817 ], [ 81.2460149, 18.7008696 ], [ 81.2458193, 18.7010483 ], [ 81.2457472, 18.7011237 ], [ 81.2456688, 18.7012117 ], [ 81.245622, 18.7012759 ], [ 81.2455628, 18.7013774 ], [ 81.2455349, 18.7015625 ], [ 81.2455666, 18.7016851 ], [ 81.2456868, 18.7020905 ], [ 81.2457169, 18.7022009 ], [ 81.2457151, 18.702324 ], [ 81.2457059, 18.7024218 ], [ 81.2457081, 18.7024481 ], [ 81.2458812, 18.7024465 ], [ 81.2460166, 18.7024413 ] ] } },
{ "type": "Feature", "properties": { "highway": "residential" }, "geometry": { "type": "LineString", "coordinates": [ [ 81.2503471, 18.6987075 ], [ 81.2501364, 18.698709 ], [ 81.2499381, 18.6987131 ], [ 81.2498864, 18.6986965 ], [ 81.2498316, 18.6986771 ], [ 81.2495103, 18.6986924 ], [ 81.2494902, 18.6979839 ], [ 81.2494563, 18.6978481 ] ] } },
{ "type": "Feature", "properties": { "highway": "residential" }, "geometry": { "type": "LineString", "coordinates": [ [ 81.2503528, 18.6982713 ], [ 81.2503471, 18.6987075 ], [ 81.2503431, 18.6990095 ] ] } },
{ "type": "Feature", "properties": { "highway": "pedestrian" }, "geometry": { "type": "LineString", "coordinates": [ [ 81.2494875, 18.6956677 ], [ 81.2494779, 18.6960555 ], [ 81.2501219, 18.6960699 ], [ 81.2503373, 18.6960802 ] ] } },
{ "type": "Feature", "properties": { "highway": "residential" }, "geometry": { "type": "LineString", "coordinates": [ [ 81.2495103, 18.6986924 ], [ 81.2495211, 18.6993484 ] ] } },
{ "type": "Feature", "properties": { "highway": "residential" }, "geometry": { "type": "LineString", "coordinates": [ [ 81.2487215, 18.6975625 ], [ 81.2486748, 18.6976281 ], [ 81.2486098, 18.6976746 ], [ 81.2484941, 18.6977584 ] ] } },
{ "type": "Feature", "properties": { "highway": "residential" }, "geometry": { "type": "LineString", "coordinates": [ [ 81.247655, 18.6996227 ], [ 81.2473142, 18.6996071 ], [ 81.2471051, 18.6996587 ] ] } },
{ "type": "Feature", "properties": { "highway": "residential" }, "geometry": { "type": "LineString", "coordinates": [ [ 81.2489796, 18.6967743 ], [ 81.248793, 18.6967719 ], [ 81.2485201, 18.6967684 ], [ 81.2481809, 18.6967641 ], [ 81.2481821, 18.6971013 ], [ 81.2485778, 18.6971109 ], [ 81.2488337, 18.6971139 ], [ 81.2489422, 18.69713 ] ] } },
{ "type": "Feature", "properties": { "highway": "residential" }, "geometry": { "type": "LineString", "coordinates": [ [ 81.2525086, 18.6998374 ], [ 81.2527141, 18.6998436 ], [ 81.2535604, 18.6997662 ], [ 81.2540596, 18.6997261 ], [ 81.2540872, 18.6997576 ], [ 81.2541016, 18.7004377 ], [ 81.2540917, 18.7007078 ], [ 81.2540896, 18.7008575 ] ] } },
{ "type": "Feature", "properties": { "highway": "residential" }, "geometry": { "type": "LineString", "coordinates": [ [ 81.2487899, 18.6966096 ], [ 81.2486729, 18.6966784 ], [ 81.2485867, 18.696737 ], [ 81.2485201, 18.6967684 ] ] } },
{ "type": "Feature", "properties": { "highway": "residential" }, "geometry": { "type": "LineString", "coordinates": [ [ 81.2489822, 18.6964419 ], [ 81.2489809, 18.696609 ], [ 81.2489796, 18.6967743 ], [ 81.2489776, 18.6970388 ], [ 81.2489422, 18.69713 ], [ 81.2488785, 18.6972453 ], [ 81.2487215, 18.6975625 ] ] } },
{ "type": "Feature", "properties": { "highway": "residential" }, "geometry": { "type": "LineString", "coordinates": [ [ 81.249741, 18.690952 ], [ 81.2497594, 18.6905693 ], [ 81.2497424, 18.6903403 ], [ 81.2496137, 18.6903324 ], [ 81.2494552, 18.6903109 ] ] } },
{ "type": "Feature", "properties": { "highway": "residential" }, "geometry": { "type": "LineString", "coordinates": [ [ 81.2487899, 18.6966096 ], [ 81.2489809, 18.696609 ] ] } },
{ "type": "Feature", "properties": { "highway": "residential" }, "geometry": { "type": "LineString", "coordinates": [ [ 81.2487899, 18.6966096 ], [ 81.2487876, 18.6964926 ] ] } },
{ "type": "Feature", "properties": { "highway": "residential" }, "geometry": { "type": "LineString", "coordinates": [ [ 81.248793, 18.6967719 ], [ 81.2487899, 18.6966096 ] ] } },
{ "type": "Feature", "properties": { "highway": "pedestrian" }, "geometry": { "type": "LineString", "coordinates": [ [ 81.2518003, 18.696635 ], [ 81.2518519, 18.696601 ], [ 81.2519485, 18.6965528 ], [ 81.2520155, 18.696535 ], [ 81.252096, 18.6965019 ], [ 81.2521765, 18.6964943 ], [ 81.2522811, 18.6964689 ], [ 81.2523454, 18.6964664 ], [ 81.2524554, 18.6964537 ], [ 81.2525262, 18.6964402 ] ] } },
{ "type": "Feature", "properties": { "highway": "unclassified" }, "geometry": { "type": "LineString", "coordinates": [ [ 81.1962819, 18.6702566 ], [ 81.1967808, 18.6698805 ], [ 81.1970383, 18.669606 ], [ 81.1970437, 18.6695451 ], [ 81.1971456, 18.6693113 ], [ 81.1972314, 18.6689708 ], [ 81.1972368, 18.6685845 ], [ 81.1972583, 18.6685184 ], [ 81.1972261, 18.6683304 ], [ 81.1972744, 18.6681068 ], [ 81.1974085, 18.6677256 ], [ 81.1976445, 18.6673647 ], [ 81.1978001, 18.6672834 ], [ 81.1978859, 18.6672834 ], [ 81.1982668, 18.667441 ], [ 81.1985565, 18.6675375 ], [ 81.1987174, 18.6675731 ], [ 81.198932, 18.6675731 ], [ 81.1990339, 18.6675985 ], [ 81.1994469, 18.6677916 ], [ 81.1996615, 18.667873 ], [ 81.1999244, 18.6679441 ], [ 81.2000478, 18.6679594 ], [ 81.2003643, 18.6679594 ], [ 81.2008632, 18.6679289 ], [ 81.2009919, 18.6679594 ], [ 81.2011582, 18.6680864 ], [ 81.2012494, 18.668305 ], [ 81.2012172, 18.6684727 ], [ 81.2008095, 18.6693672 ], [ 81.2008149, 18.6694637 ], [ 81.2008685, 18.6697179 ], [ 81.201008, 18.6702515 ], [ 81.2010241, 18.6704243 ], [ 81.200949, 18.6707699 ], [ 81.2007773, 18.6713086 ], [ 81.2006754, 18.671766 ], [ 81.2006164, 18.6719084 ], [ 81.2002087, 18.6721218 ], [ 81.2000692, 18.672254 ], [ 81.1999458, 18.6723454 ], [ 81.1998493, 18.6725081 ], [ 81.1996776, 18.6729452 ], [ 81.1995864, 18.6732603 ], [ 81.1995864, 18.673428 ], [ 81.1996508, 18.673494 ], [ 81.1998117, 18.6735093 ], [ 81.1999727, 18.673489 ], [ 81.2006593, 18.6733212 ], [ 81.2013138, 18.6732094 ], [ 81.2014693, 18.6731688 ], [ 81.2019897, 18.6729553 ], [ 81.2021452, 18.6729248 ], [ 81.2024242, 18.6729197 ], [ 81.2026388, 18.672935 ], [ 81.2028212, 18.6729706 ], [ 81.2031377, 18.6730875 ], [ 81.2033201, 18.6731789 ], [ 81.203481, 18.6732958 ], [ 81.2040282, 18.6739006 ], [ 81.2041354, 18.6740531 ], [ 81.2041676, 18.6741446 ], [ 81.2041676, 18.6741802 ], [ 81.2041354, 18.6742412 ], [ 81.2040282, 18.674292 ], [ 81.2034649, 18.6743276 ], [ 81.2032289, 18.6743835 ], [ 81.2029606, 18.67448 ], [ 81.2022901, 18.674785 ], [ 81.2021131, 18.6748917 ], [ 81.2018717, 18.6751052 ], [ 81.2017429, 18.6751611 ], [ 81.2010831, 18.6752576 ], [ 81.2008471, 18.6753186 ], [ 81.2006325, 18.6753948 ], [ 81.2004501, 18.6754914 ], [ 81.2002677, 18.675654 ], [ 81.2001926, 18.6757862 ], [ 81.2001121, 18.6759793 ], [ 81.2004018, 18.6764418 ], [ 81.2007934, 18.6769246 ], [ 81.2008953, 18.6771584 ], [ 81.2009812, 18.6773058 ], [ 81.201346, 18.6776819 ], [ 81.2013835, 18.6777937 ], [ 81.2013084, 18.6782206 ], [ 81.2012226, 18.6783782 ], [ 81.2011957, 18.6785307 ], [ 81.2011582, 18.678678 ], [ 81.2011636, 18.6788 ], [ 81.2012816, 18.6790186 ], [ 81.2015713, 18.6793692 ], [ 81.2016517, 18.6795116 ], [ 81.2016678, 18.679603 ], [ 81.2016625, 18.6796996 ], [ 81.2015981, 18.6800808 ], [ 81.2015605, 18.6801723 ], [ 81.2014854, 18.6802434 ], [ 81.2013835, 18.6802688 ], [ 81.2009007, 18.6802942 ], [ 81.2004447, 18.6803908 ], [ 81.2003106, 18.6803959 ], [ 81.2002087, 18.6804213 ], [ 81.2000907, 18.6804925 ], [ 81.2000478, 18.6805738 ], [ 81.200037, 18.6806653 ], [ 81.2000639, 18.6808431 ], [ 81.2001282, 18.6810668 ], [ 81.2001819, 18.6811887 ], [ 81.2002945, 18.6813361 ], [ 81.2004286, 18.681453 ], [ 81.2005842, 18.6815496 ], [ 81.2007129, 18.6815902 ], [ 81.2009865, 18.6816157 ], [ 81.2011153, 18.6816614 ], [ 81.2012118, 18.6817681 ], [ 81.2012065, 18.682007 ], [ 81.2012762, 18.6823729 ], [ 81.2014318, 18.6827592 ], [ 81.2014371, 18.6829421 ], [ 81.2013889, 18.6832115 ], [ 81.2013996, 18.6833386 ], [ 81.2016303, 18.6838824 ], [ 81.2014264, 18.6845888 ], [ 81.201287, 18.6851796 ], [ 81.2011582, 18.6853461 ], [ 81.2009275, 18.6856205 ], [ 81.2008739, 18.685651 ] ] } },
{ "type": "Feature", "properties": { "highway": "track" }, "geometry": { "type": "LineString", "coordinates": [ [ 81.2217415, 18.6907283 ], [ 81.2218327, 18.6907232 ], [ 81.2219882, 18.6908655 ], [ 81.2222886, 18.6913436 ], [ 81.22253, 18.6916433 ], [ 81.2229056, 18.6922784 ], [ 81.2233293, 18.6932589 ], [ 81.2235707, 18.6937015 ], [ 81.2237048, 18.694026 ], [ 81.2237317, 18.6941996 ], [ 81.2237316, 18.6943511 ], [ 81.2236673, 18.6948947 ], [ 81.2236566, 18.6954956 ], [ 81.2236887, 18.6956568 ], [ 81.2238068, 18.6960089 ], [ 81.2238604, 18.696109 ], [ 81.2240053, 18.6965679 ], [ 81.2240642, 18.696678 ], [ 81.2241501, 18.6971962 ], [ 81.2242091, 18.6973435 ], [ 81.2245524, 18.6978617 ], [ 81.2246168, 18.6979961 ], [ 81.2247616, 18.6981868 ], [ 81.2251103, 18.6987965 ], [ 81.2253142, 18.6992006 ], [ 81.2253571, 18.6993531 ], [ 81.2253571, 18.6994446 ], [ 81.2252927, 18.6996275 ], [ 81.2249333, 18.7002088 ], [ 81.2248635, 18.700407 ], [ 81.2248313, 18.7007169 ], [ 81.2249977, 18.7015029 ], [ 81.2250299, 18.7021687 ], [ 81.2249869, 18.7023364 ], [ 81.2250084, 18.7027938 ], [ 81.2249709, 18.7029717 ], [ 81.2248367, 18.7032418 ], [ 81.2246436, 18.7034603 ], [ 81.2245256, 18.7035663 ], [ 81.2241769, 18.7038306 ], [ 81.2239945, 18.7039937 ], [ 81.2239141, 18.7040898 ], [ 81.2238658, 18.7041966 ], [ 81.2238443, 18.7044205 ], [ 81.2238496, 18.7045932 ], [ 81.2239677, 18.7055485 ], [ 81.2239892, 18.7058839 ], [ 81.2239516, 18.706097 ], [ 81.2238496, 18.7063409 ], [ 81.2237209, 18.7065192 ], [ 81.2234635, 18.7067377 ], [ 81.222825, 18.7071233 ], [ 81.2220687, 18.707312 ], [ 81.2212426, 18.7079931 ], [ 81.2211514, 18.7080591 ], [ 81.2210387, 18.70818 ], [ 81.2207276, 18.7083984 ], [ 81.2204755, 18.7083946 ], [ 81.2201536, 18.7082777 ], [ 81.2198263, 18.708053 ], [ 81.2196869, 18.7078457 ] ] } },
{ "type": "Feature", "properties": { "highway": "track" }, "geometry": { "type": "LineString", "coordinates": [ [ 81.2216878, 18.6984866 ], [ 81.2215751, 18.6985374 ], [ 81.221441, 18.6987355 ], [ 81.2213659, 18.6988981 ], [ 81.2213337, 18.6990251 ], [ 81.2213284, 18.6991267 ], [ 81.2213766, 18.6995535 ], [ 81.2214464, 18.6998227 ], [ 81.2214518, 18.6999193 ], [ 81.2213337, 18.7001733 ], [ 81.2205827, 18.7002901 ], [ 81.2203574, 18.7003054 ], [ 81.2200892, 18.7002444 ], [ 81.2198532, 18.700092 ] ] } },
{ "type": "Feature", "properties": { "highway": "unclassified" }, "geometry": { "type": "LineString", "coordinates": [ [ 81.2351417, 18.7618482 ], [ 81.2346053, 18.7616969 ], [ 81.2345141, 18.7615597 ], [ 81.2344819, 18.7613768 ], [ 81.2344873, 18.7613006 ], [ 81.2345248, 18.7611889 ], [ 81.234616, 18.7610415 ], [ 81.2349808, 18.7607613 ], [ 81.235072, 18.7606445 ], [ 81.2349164, 18.7605887 ], [ 81.2342513, 18.76063 ], [ 81.2339562, 18.760675 ], [ 81.2336987, 18.7607715 ], [ 81.2332749, 18.7610508 ], [ 81.2330389, 18.7612905 ], [ 81.2328297, 18.7614165 ], [ 81.2327492, 18.7614419 ], [ 81.23254, 18.7614276 ], [ 81.2320894, 18.7611626 ], [ 81.2317085, 18.7608121 ], [ 81.2313866, 18.7604211 ], [ 81.2310755, 18.7597156 ], [ 81.2309629, 18.7588011 ], [ 81.2309092, 18.7586994 ], [ 81.2308126, 18.7585877 ], [ 81.2301207, 18.7581711 ], [ 81.2299168, 18.7579884 ], [ 81.229831, 18.7578764 ], [ 81.2295949, 18.7573739 ], [ 81.2294769, 18.7571656 ], [ 81.2294072, 18.7569417 ], [ 81.229375, 18.7566876 ], [ 81.2293964, 18.7562413 ], [ 81.2293964, 18.7551748 ], [ 81.2293535, 18.7549361 ], [ 81.2292945, 18.7548142 ], [ 81.2292033, 18.754691 ], [ 81.228742, 18.7542302 ], [ 81.2284577, 18.7539762 ], [ 81.2276637, 18.7531923 ], [ 81.227138, 18.7527097 ], [ 81.2269932, 18.7525369 ], [ 81.226902, 18.7523714 ], [ 81.2268591, 18.7522118 ], [ 81.2268376, 18.7520158 ], [ 81.226843, 18.7514853 ], [ 81.2267571, 18.7509595 ], [ 81.2266445, 18.7504313 ], [ 81.2266016, 18.7503399 ], [ 81.2265211, 18.7502485 ], [ 81.2261671, 18.750012 ], [ 81.2260919, 18.7499234 ], [ 81.2260169, 18.7497326 ], [ 81.2259686, 18.7489889 ], [ 81.2262368, 18.7478716 ], [ 81.2262261, 18.7477294 ], [ 81.2261939, 18.7476075 ], [ 81.2261295, 18.7474704 ], [ 81.226092, 18.7472991 ], [ 81.2261081, 18.7470552 ], [ 81.2260866, 18.7469688 ], [ 81.2260276, 18.7468774 ], [ 81.2258559, 18.7466832 ], [ 81.2256306, 18.7464953 ], [ 81.2255287, 18.7464405 ], [ 81.2254107, 18.74641 ], [ 81.2250727, 18.7463988 ], [ 81.2248367, 18.7463389 ], [ 81.2246758, 18.7462119 ], [ 81.2245095, 18.7459883 ], [ 81.2242359, 18.7454389 ], [ 81.2238979, 18.7448249 ], [ 81.2237048, 18.7443775 ], [ 81.2233293, 18.7425746 ], [ 81.2233293, 18.7425187 ], [ 81.2232649, 18.7422648 ], [ 81.2231576, 18.7416751 ], [ 81.2230181, 18.7411424 ], [ 81.2229752, 18.7410814 ], [ 81.2228572, 18.7410154 ], [ 81.2224388, 18.740924 ], [ 81.2223047, 18.7408783 ], [ 81.2221169, 18.7407208 ], [ 81.2218809, 18.7404761 ], [ 81.2217575, 18.7402942 ], [ 81.221559, 18.7397953 ], [ 81.2214303, 18.7393279 ], [ 81.2213874, 18.7392263 ], [ 81.2208241, 18.7382628 ], [ 81.2207651, 18.738007 ], [ 81.2207544, 18.7377092 ], [ 81.2206846, 18.7370113 ], [ 81.2206846, 18.7367544 ], [ 81.2207061, 18.7366122 ], [ 81.2207651, 18.7364141 ], [ 81.2209636, 18.7360003 ], [ 81.220969, 18.7358428 ], [ 81.220867, 18.7355735 ], [ 81.2205988, 18.7351698 ], [ 81.2203735, 18.7344741 ], [ 81.2203145, 18.7343288 ], [ 81.2201321, 18.7339763 ], [ 81.2200409, 18.7336633 ], [ 81.2199014, 18.7332806 ], [ 81.2195527, 18.7325035 ], [ 81.2194669, 18.7321633 ], [ 81.2194616, 18.7320629 ], [ 81.2194937, 18.7319004 ], [ 81.2194937, 18.7317773 ], [ 81.2193918, 18.7314522 ], [ 81.2193811, 18.7311374 ], [ 81.2193382, 18.7309199 ], [ 81.2192309, 18.7306912 ], [ 81.2188554, 18.7300359 ], [ 81.2186944, 18.7295024 ], [ 81.2186086, 18.7286997 ], [ 81.2186515, 18.7284863 ], [ 81.2186086, 18.7283136 ], [ 81.2181902, 18.7275109 ], [ 81.2176752, 18.7271553 ], [ 81.2171549, 18.726698 ], [ 81.216715, 18.7255854 ], [ 81.2166452, 18.7252959 ], [ 81.2165701, 18.7251231 ], [ 81.2164575, 18.7247218 ], [ 81.2165111, 18.7240562 ], [ 81.216613, 18.7237311 ], [ 81.2166774, 18.7236447 ], [ 81.2168705, 18.7234517 ], [ 81.2169188, 18.7233653 ], [ 81.2169886, 18.72303 ], [ 81.2169564, 18.7227861 ], [ 81.2167311, 18.7219352 ], [ 81.2166184, 18.7218513 ], [ 81.2160337, 18.7212011 ], [ 81.2159103, 18.7211299 ], [ 81.2158137, 18.7210994 ], [ 81.2153041, 18.7210131 ], [ 81.2148321, 18.7208861 ], [ 81.2146711, 18.7208251 ], [ 81.2143493, 18.7206676 ], [ 81.2141132, 18.7205812 ], [ 81.2139255, 18.7204593 ], [ 81.2134212, 18.7200122 ], [ 81.2131101, 18.7198598 ], [ 81.2129545, 18.7197531 ], [ 81.2128526, 18.7196465 ], [ 81.2127721, 18.7195245 ], [ 81.2126326, 18.7192299 ], [ 81.2125415, 18.7189809 ], [ 81.2124503, 18.7186355 ], [ 81.2124342, 18.7184576 ], [ 81.2124663, 18.7182951 ], [ 81.2127292, 18.7177769 ], [ 81.2128258, 18.7175228 ], [ 81.2129116, 18.7172231 ], [ 81.212917, 18.7169234 ], [ 81.2128258, 18.7163747 ], [ 81.2127238, 18.7160851 ], [ 81.2123644, 18.7153586 ], [ 81.2121981, 18.714942 ], [ 81.2117851, 18.7142307 ], [ 81.2113184, 18.7134788 ], [ 81.2111467, 18.7131131 ], [ 81.2109536, 18.7121529 ], [ 81.2108356, 18.7117591 ], [ 81.2108946, 18.7112305 ], [ 81.2109053, 18.7103462 ], [ 81.2108732, 18.7099955 ], [ 81.2107981, 18.7095737 ], [ 81.2107659, 18.7092789 ], [ 81.2107444, 18.7080123 ], [ 81.2107658, 18.7078193 ], [ 81.2107659, 18.7076017 ], [ 81.2107336, 18.7073519 ], [ 81.2104386, 18.7064984 ], [ 81.2098056, 18.7048676 ], [ 81.2097252, 18.70472 ], [ 81.2094891, 18.7044053 ], [ 81.2091834, 18.7039526 ], [ 81.2089634, 18.7034494 ], [ 81.2088025, 18.7030132 ], [ 81.2086094, 18.70256 ], [ 81.2084216, 18.7022551 ], [ 81.2082714, 18.702048 ], [ 81.2082553, 18.702001 ], [ 81.2080192, 18.7016161 ], [ 81.2078637, 18.7013149 ], [ 81.2075258, 18.7007863 ], [ 81.2072093, 18.7001358 ], [ 81.2069142, 18.6995818 ], [ 81.2067318, 18.6993299 ], [ 81.2066084, 18.699208 ], [ 81.2065279, 18.6991572 ], [ 81.2064797, 18.6990939 ], [ 81.2064099, 18.6990454 ], [ 81.2063616, 18.6989946 ], [ 81.2062812, 18.6988957 ], [ 81.2061847, 18.6986974 ], [ 81.206131, 18.6984382 ], [ 81.206072, 18.6983163 ], [ 81.2054765, 18.6978617 ], [ 81.2049938, 18.6973811 ], [ 81.2049562, 18.6973283 ], [ 81.2049186, 18.6972775 ], [ 81.2047685, 18.6970762 ], [ 81.2045968, 18.6967763 ], [ 81.2043554, 18.6961614 ], [ 81.2041247, 18.6956836 ], [ 81.2038565, 18.6949913 ], [ 81.2037492, 18.6948135 ], [ 81.2035292, 18.6945391 ], [ 81.2033898, 18.694407 ], [ 81.2031806, 18.6942199 ], [ 81.2028319, 18.693981 ], [ 81.2025905, 18.6937422 ], [ 81.2024188, 18.6935134 ], [ 81.2019682, 18.6926291 ], [ 81.2019306, 18.6924308 ], [ 81.2019253, 18.6916279 ], [ 81.2019629, 18.6914348 ], [ 81.2021077, 18.6909469 ], [ 81.2021399, 18.6906927 ], [ 81.2021291, 18.6903427 ], [ 81.2020755, 18.6897839 ], [ 81.2020433, 18.6896356 ], [ 81.2018395, 18.6892544 ], [ 81.2015229, 18.68891 ], [ 81.2012386, 18.6884326 ], [ 81.2009865, 18.6879549 ], [ 81.2008631, 18.6877923 ], [ 81.2008775, 18.687632 ] ] } },
{ "type": "Feature", "properties": { "highway": "track" }, "geometry": { "type": "LineString", "coordinates": [ [ 81.2219668, 18.6950229 ], [ 81.2220794, 18.6959159 ], [ 81.2220311, 18.6965764 ], [ 81.2219185, 18.6974908 ], [ 81.2218916, 18.698004 ], [ 81.221897, 18.6980852 ], [ 81.2218809, 18.6981614 ] ] } },
{ "type": "Feature", "properties": { "highway": "track" }, "geometry": { "type": "LineString", "coordinates": [ [ 81.2218809, 18.6981614 ], [ 81.2218112, 18.6982224 ], [ 81.2216878, 18.6984866 ], [ 81.2218916, 18.7005188 ], [ 81.2221062, 18.701037 ], [ 81.2221706, 18.7012554 ], [ 81.2222189, 18.7014789 ], [ 81.2222242, 18.7016364 ], [ 81.2222457, 18.7016872 ], [ 81.2222564, 18.7018397 ], [ 81.2223476, 18.7021699 ], [ 81.2223744, 18.7023528 ], [ 81.2224334, 18.7025103 ], [ 81.2225085, 18.7028608 ], [ 81.2225783, 18.703567 ], [ 81.2225515, 18.7040649 ], [ 81.2225139, 18.7042173 ], [ 81.2224388, 18.7047761 ], [ 81.2223101, 18.7053858 ], [ 81.2221008, 18.7060513 ], [ 81.2220257, 18.7068845 ], [ 81.2220687, 18.707312 ] ] } },
{ "type": "Feature", "properties": { "highway": "track" }, "geometry": { "type": "LineString", "coordinates": [ [ 81.2231791, 18.6748155 ], [ 81.2230933, 18.674724 ], [ 81.2228734, 18.6746376 ], [ 81.2226856, 18.6746325 ], [ 81.2226212, 18.674663 ], [ 81.22253, 18.6747951 ], [ 81.2223316, 18.6750188 ], [ 81.2222243, 18.6751814 ], [ 81.2221545, 18.6753745 ], [ 81.2220848, 18.6759844 ], [ 81.22194, 18.6767722 ], [ 81.2219346, 18.6771228 ], [ 81.2220741, 18.6777022 ], [ 81.2221331, 18.6778293 ], [ 81.2222511, 18.6782359 ], [ 81.2223369, 18.6786374 ], [ 81.2223262, 18.6789322 ], [ 81.2222886, 18.6792625 ], [ 81.2221331, 18.6801926 ], [ 81.2221063, 18.6806805 ], [ 81.222117, 18.6809499 ], [ 81.2221653, 18.6813056 ], [ 81.2222833, 18.6818901 ], [ 81.2223691, 18.6827643 ], [ 81.2224228, 18.6831353 ], [ 81.2225086, 18.6835774 ], [ 81.2226802, 18.6842585 ], [ 81.22275, 18.6846142 ], [ 81.2228197, 18.6851631 ], [ 81.2228305, 18.6854477 ], [ 81.2226051, 18.6862457 ], [ 81.2225086, 18.6864998 ], [ 81.2224496, 18.6865608 ], [ 81.2223369, 18.6867539 ], [ 81.2214035, 18.6878771 ], [ 81.2211514, 18.6882685 ], [ 81.2210816, 18.6884667 ], [ 81.2211246, 18.6891477 ], [ 81.221345, 18.6897846 ], [ 81.2217254, 18.6906368 ], [ 81.2217415, 18.6907283 ], [ 81.2217736, 18.6909574 ], [ 81.2221116, 18.6916685 ], [ 81.2225515, 18.6923596 ], [ 81.2226641, 18.6926086 ], [ 81.2227499, 18.6929591 ], [ 81.2229109, 18.6939244 ], [ 81.2229216, 18.6941886 ], [ 81.2228948, 18.6943419 ], [ 81.2228197, 18.6945391 ], [ 81.2227071, 18.6947078 ], [ 81.2225032, 18.6948439 ], [ 81.2219668, 18.6950229 ] ] } },
{ "type": "Feature", "properties": { "highway": "track" }, "geometry": { "type": "LineString", "coordinates": [ [ 81.1993987, 18.6601783 ], [ 81.1994684, 18.6601935 ], [ 81.1998868, 18.6601986 ], [ 81.2000907, 18.6601224 ], [ 81.2002194, 18.6601071 ] ] } },
{ "type": "Feature", "properties": { "highway": "track" }, "geometry": { "type": "LineString", "coordinates": [ [ 81.2012494, 18.668305 ], [ 81.201303, 18.6681423 ], [ 81.2012118, 18.6679238 ], [ 81.2011582, 18.6678831 ], [ 81.2008739, 18.6677815 ], [ 81.2003643, 18.6676646 ], [ 81.2001068, 18.6676544 ], [ 81.1999297, 18.6675934 ], [ 81.1998546, 18.6675324 ], [ 81.1996132, 18.6671818 ], [ 81.1994362, 18.6669835 ], [ 81.1993075, 18.6668768 ], [ 81.1992109, 18.6668412 ], [ 81.1991573, 18.6668412 ], [ 81.1989534, 18.6668971 ], [ 81.1988247, 18.6669124 ], [ 81.1986262, 18.6668006 ], [ 81.1985028, 18.6664448 ], [ 81.1983848, 18.6662974 ], [ 81.1983151, 18.6662364 ], [ 81.19824, 18.6661145 ], [ 81.1982131, 18.6660179 ], [ 81.1982131, 18.6658959 ], [ 81.1982668, 18.6651996 ], [ 81.1981648, 18.6644881 ], [ 81.1981219, 18.6640104 ], [ 81.1981327, 18.6639087 ], [ 81.1981702, 18.6637969 ], [ 81.1984599, 18.66337 ], [ 81.1987174, 18.6629329 ], [ 81.1987979, 18.6627601 ], [ 81.19883, 18.6626483 ], [ 81.1988193, 18.6621655 ], [ 81.1986852, 18.6613167 ] ] } },
{ "type": "Feature", "properties": { "highway": "track" }, "geometry": { "type": "LineString", "coordinates": [ [ 81.2218809, 18.6981614 ], [ 81.2219721, 18.6982885 ], [ 81.2222296, 18.6989692 ], [ 81.2223208, 18.6991216 ], [ 81.2226051, 18.6997567 ], [ 81.2226695, 18.6999853 ], [ 81.2227392, 18.7005492 ], [ 81.2228626, 18.7010776 ], [ 81.2229913, 18.701357 ] ] } },
{ "type": "Feature", "properties": { "highway": "unclassified" }, "geometry": { "type": "LineString", "coordinates": [ [ 81.2538269, 18.6340232 ], [ 81.2544805, 18.6335731 ], [ 81.2547916, 18.6333393 ], [ 81.2558216, 18.6332478 ], [ 81.2563312, 18.6330953 ] ] } },
{ "type": "Feature", "properties": { "highway": "unclassified" }, "geometry": { "type": "LineString", "coordinates": [ [ 81.2537723, 18.6350152 ], [ 81.254349, 18.634905 ], [ 81.254518, 18.6348897 ], [ 81.2546092, 18.6348414 ], [ 81.2546709, 18.634727 ], [ 81.2546387, 18.6345314 ], [ 81.2544805, 18.6336951 ], [ 81.2544805, 18.6335731 ], [ 81.2554675, 18.6339239 ], [ 81.2560362, 18.6340561 ], [ 81.2562025, 18.6340408 ] ] } },
{ "type": "Feature", "properties": { "highway": "unclassified" }, "geometry": { "type": "LineString", "coordinates": [ [ 81.25893, 18.6319 ], [ 81.2600643, 18.6315974 ] ] } },
{ "type": "Feature", "properties": { "highway": "unclassified" }, "geometry": { "type": "LineString", "coordinates": [ [ 81.2604457, 18.6330791 ], [ 81.2601775, 18.6319719 ], [ 81.2600643, 18.6315974 ], [ 81.259861, 18.6309248 ], [ 81.2592548, 18.630635 ], [ 81.2578279, 18.6297048 ] ] } },
{ "type": "Feature", "properties": { "highway": "unclassified" }, "geometry": { "type": "LineString", "coordinates": [ [ 81.2599522, 18.6346305 ], [ 81.2598127, 18.6340154 ], [ 81.2606522, 18.6338248 ], [ 81.2604457, 18.6330791 ] ] } },
{ "type": "Feature", "properties": { "highway": "service" }, "geometry": { "type": "LineString", "coordinates": [ [ 81.2553522, 18.6381901 ], [ 81.2545717, 18.6381327 ], [ 81.2545153, 18.6381226 ], [ 81.2543383, 18.6381226 ], [ 81.254282, 18.6381277 ], [ 81.2542284, 18.6381404 ], [ 81.2541801, 18.6381658 ], [ 81.2541747, 18.6382217 ], [ 81.2542123, 18.6382624 ], [ 81.2542686, 18.6382801 ], [ 81.2544805, 18.6383157 ], [ 81.2548158, 18.6383971 ], [ 81.254915, 18.6384377 ], [ 81.2549633, 18.6384657 ], [ 81.2550035, 18.6385038 ], [ 81.2550116, 18.6385546 ], [ 81.2549552, 18.6385775 ], [ 81.2548479, 18.6385978 ], [ 81.2546763, 18.6386182 ], [ 81.254451, 18.6386182 ], [ 81.2532413, 18.6385419 ], [ 81.2524313, 18.6384733 ], [ 81.2518948, 18.6384631 ], [ 81.2508541, 18.6388596 ], [ 81.2503177, 18.6390909 ], [ 81.2501487, 18.6390553 ], [ 81.2500951, 18.639035 ], [ 81.2497276, 18.6388596 ], [ 81.2486494, 18.6378659 ], [ 81.2484965, 18.63766 ], [ 81.2479761, 18.6372305 ], [ 81.2478501, 18.6371822 ], [ 81.2473565, 18.6371771 ], [ 81.2469944, 18.6371822 ], [ 81.2467745, 18.6372203 ], [ 81.2467208, 18.6372381 ], [ 81.2466055, 18.6372915 ], [ 81.2461361, 18.6375939 ], [ 81.2459215, 18.6378328 ], [ 81.2451464, 18.6392917 ], [ 81.2450981, 18.6393349 ], [ 81.2447199, 18.6399245 ], [ 81.2446958, 18.6399753 ], [ 81.2446904, 18.6400872 ], [ 81.244728, 18.6402447 ], [ 81.244728, 18.6403515 ], [ 81.2447199, 18.6404099 ], [ 81.2446985, 18.6404608 ], [ 81.2446395, 18.6405624 ], [ 81.2445536, 18.6406438 ], [ 81.2444034, 18.6407353 ], [ 81.2442961, 18.6407861 ], [ 81.2439072, 18.6409335 ], [ 81.2438482, 18.6409843 ], [ 81.2438482, 18.6411063 ], [ 81.2438858, 18.6416451 ], [ 81.2437677, 18.6421331 ], [ 81.2437302, 18.6422347 ], [ 81.2435371, 18.6433174 ], [ 81.2435317, 18.6434191 ], [ 81.2435424, 18.6435309 ], [ 81.2436229, 18.6437291 ], [ 81.2436283, 18.6438409 ], [ 81.2436014, 18.6439426 ], [ 81.2431535, 18.6443365 ], [ 81.2431133, 18.6443797 ], [ 81.243065, 18.6444814 ], [ 81.2430194, 18.644639 ], [ 81.2429041, 18.6453811 ], [ 81.2428531, 18.6458944 ], [ 81.2428316, 18.6459478 ], [ 81.2427968, 18.6459935 ], [ 81.2426171, 18.6461435 ], [ 81.2423784, 18.6463011 ], [ 81.2423006, 18.6463849 ], [ 81.2419304, 18.6472007 ], [ 81.2414852, 18.6479174 ], [ 81.2412867, 18.6483164 ], [ 81.2412035, 18.6485477 ], [ 81.2412277, 18.6487815 ], [ 81.241512, 18.6494422 ], [ 81.2416407, 18.6496532 ], [ 81.2416944, 18.6499378 ], [ 81.2417078, 18.650568 ], [ 81.2416112, 18.6509213 ], [ 81.2414771, 18.6510331 ], [ 81.2413028, 18.6510839 ], [ 81.2412317, 18.6510801 ], [ 81.2409367, 18.6510179 ], [ 81.2408763, 18.6510204 ], [ 81.2407596, 18.651042 ], [ 81.2406416, 18.651042 ], [ 81.2405933, 18.6510141 ], [ 81.2405746, 18.650995 ], [ 81.2405638, 18.6509709 ], [ 81.2405652, 18.6509442 ], [ 81.2405866, 18.6508972 ], [ 81.240651, 18.6508463 ], [ 81.2407999, 18.6507701 ], [ 81.2408884, 18.6507104 ], [ 81.2409286, 18.6506392 ], [ 81.2409474, 18.6505553 ], [ 81.2409353, 18.6503813 ], [ 81.2407731, 18.6496684 ], [ 81.2406617, 18.6493329 ], [ 81.2406054, 18.6490928 ], [ 81.2405772, 18.6490445 ], [ 81.2405558, 18.6490242 ], [ 81.2405276, 18.6490165 ], [ 81.2404686, 18.6490229 ], [ 81.2404445, 18.6490369 ], [ 81.240411, 18.6490902 ], [ 81.2404029, 18.6493482 ], [ 81.2404351, 18.6497942 ], [ 81.2404203, 18.6501106 ], [ 81.2403037, 18.6503253 ], [ 81.2399, 18.6505642 ], [ 81.2396948, 18.6507345 ], [ 81.2393408, 18.6512288 ], [ 81.2390377, 18.6517104 ], [ 81.2389317, 18.6517955 ], [ 81.2388714, 18.6518019 ], [ 81.2388352, 18.6517796 ], [ 81.2388144, 18.6517428 ], [ 81.2388124, 18.6516786 ], [ 81.2388439, 18.6516062 ], [ 81.23898, 18.6513686 ], [ 81.2392174, 18.6508844 ], [ 81.2395044, 18.6503762 ], [ 81.2395969, 18.6502389 ], [ 81.2396318, 18.6501538 ], [ 81.2396371, 18.6501042 ], [ 81.2396318, 18.649887 ], [ 81.239672, 18.6495426 ], [ 81.2397256, 18.6492097 ], [ 81.2397283, 18.6491055 ], [ 81.2397122, 18.6490267 ], [ 81.2396854, 18.6489759 ], [ 81.239664, 18.6489606 ], [ 81.2395821, 18.6489289 ], [ 81.2394749, 18.6489746 ], [ 81.2392482, 18.6495451 ], [ 81.2391181, 18.650164 ], [ 81.238976, 18.650413 ], [ 81.2387171, 18.6508107 ], [ 81.2384824, 18.6512263 ], [ 81.2383027, 18.6514372 ], [ 81.2382719, 18.6514524 ], [ 81.2379755, 18.651657 ], [ 81.2379473, 18.6516672 ], [ 81.2379178, 18.6516646 ], [ 81.2378749, 18.6516291 ], [ 81.2378602, 18.6515782 ], [ 81.2378629, 18.6515515 ], [ 81.237891, 18.6515071 ], [ 81.2379527, 18.651455 ], [ 81.2381271, 18.6513521 ], [ 81.2381673, 18.6513127 ], [ 81.238229, 18.6512237 ], [ 81.2384234, 18.6508349 ], [ 81.2386648, 18.6502478 ], [ 81.2387104, 18.6499594 ], [ 81.2387748, 18.649413 ], [ 81.2389022, 18.6490051 ], [ 81.2389639, 18.648615 ], [ 81.2389867, 18.6481715 ], [ 81.2390645, 18.6478424 ], [ 81.2390833, 18.6475311 ], [ 81.2389961, 18.647202 ], [ 81.2387936, 18.6468818 ], [ 81.2384623, 18.6464917 ], [ 81.2383269, 18.6462833 ], [ 81.2381083, 18.6458601 ], [ 81.2379916, 18.6456479 ], [ 81.237938, 18.6456212 ], [ 81.2379098, 18.6456161 ], [ 81.2378803, 18.6456161 ], [ 81.2378535, 18.6456263 ], [ 81.2378347, 18.6456492 ], [ 81.2378333, 18.6456759 ], [ 81.2378494, 18.6457305 ], [ 81.2379768, 18.6459758 ], [ 81.2381968, 18.6465171 ], [ 81.2384583, 18.6469771 ], [ 81.2385079, 18.6472007 ], [ 81.2385012, 18.6475235 ], [ 81.2382907, 18.6482236 ], [ 81.2382223, 18.6486633 ], [ 81.2381566, 18.6489314 ], [ 81.2377757, 18.6494765 ], [ 81.2376402, 18.6497688 ], [ 81.237545, 18.650136 ], [ 81.2374806, 18.6503215 ], [ 81.2373801, 18.6504702 ], [ 81.2370957, 18.6506646 ], [ 81.2366599, 18.6508628 ], [ 81.2363876, 18.6510573 ], [ 81.2360953, 18.651347 ], [ 81.2360497, 18.6513813 ], [ 81.2359947, 18.6513953 ], [ 81.2359343, 18.6513914 ], [ 81.2359115, 18.6513775 ], [ 81.2358673, 18.6513089 ], [ 81.2358552, 18.6512568 ], [ 81.2358525, 18.6512047 ], [ 81.2358606, 18.651178 ], [ 81.235878, 18.6511564 ], [ 81.2360765, 18.6510369 ], [ 81.236169, 18.6509632 ], [ 81.2362589, 18.6508501 ], [ 81.2364547, 18.6506862 ], [ 81.2367497, 18.6504778 ], [ 81.2369858, 18.6502885 ], [ 81.2370756, 18.6502008 ], [ 81.2371588, 18.6500738 ], [ 81.2372272, 18.6497561 ], [ 81.2373707, 18.6493012 ], [ 81.2375021, 18.6489301 ], [ 81.2375812, 18.648662 ], [ 81.2375893, 18.6483736 ], [ 81.2374954, 18.6473278 ], [ 81.237364, 18.6468818 ], [ 81.2373519, 18.6468589 ], [ 81.2373023, 18.6468322 ], [ 81.2372728, 18.6468297 ], [ 81.2372446, 18.6468348 ], [ 81.2372231, 18.6468525 ], [ 81.2372191, 18.646878 ], [ 81.2372299, 18.6469402 ], [ 81.2372768, 18.6470533 ], [ 81.2373143, 18.647174 ], [ 81.2373318, 18.6474942 ], [ 81.2373157, 18.6479593 ], [ 81.2372446, 18.6483583 ], [ 81.2371816, 18.6487777 ], [ 81.23703, 18.649089 ], [ 81.2368973, 18.6492554 ], [ 81.2365606, 18.6496201 ], [ 81.2354368, 18.6503241 ], [ 81.2354019, 18.6503647 ], [ 81.2353349, 18.6504232 ], [ 81.2352356, 18.6505909 ], [ 81.2351015, 18.6509162 ], [ 81.2351122, 18.6513216 ], [ 81.2351538, 18.6516723 ], [ 81.2352128, 18.6520687 ], [ 81.2353832, 18.652253 ], [ 81.2355387, 18.6525643 ], [ 81.2355722, 18.6527117 ], [ 81.2355709, 18.6527384 ], [ 81.2355494, 18.6528184 ], [ 81.2354958, 18.6528845 ], [ 81.2349218, 18.6532581 ], [ 81.2348132, 18.6533521 ], [ 81.234777, 18.6534283 ], [ 81.2347756, 18.6534537 ], [ 81.2347837, 18.6534817 ], [ 81.2348199, 18.6535223 ], [ 81.2348749, 18.6535312 ], [ 81.2354596, 18.653427 ], [ 81.2357587, 18.6533813 ], [ 81.2359223, 18.6533851 ], [ 81.2359478, 18.6533953 ], [ 81.2359665, 18.6534169 ], [ 81.2359853, 18.6534677 ], [ 81.2359826, 18.6534931 ], [ 81.2359679, 18.6535185 ], [ 81.2359183, 18.6535516 ], [ 81.2356916, 18.653596 ], [ 81.2353684, 18.6536863 ], [ 81.2352571, 18.6537803 ] ] } }
]
}
